,text,favourite_count,retweet_count,created_at
0,$NVDA #NVDA - nothing bearish on the monthly - on the daily - Signs and symptoms of exhaustion possibly starting to  https://t.co/FrhZDtavDE,0,0,2023-03-24 22:34:28+00:00
1,THIS MF GONE FALL Check out my #NVDA analysis on @TradingView: https://t.co/T6QDWVjUv2,0,0,2023-03-24 22:16:26+00:00
2,So I did said #qqq n #nvda was the only 2 I like but only got on #nvda  can anybody tell me why?,0,0,2023-03-24 20:36:26+00:00
3,You guys dont need a FURU. If you are dumb enough to be buying stocks here literally just buy every fuckin dip. You  https://t.co/ZG4jhFGl1A,2,0,2023-03-24 20:01:43+00:00
4,$NVDA from today's pre market update expect to make one more high in 5 of (5) to end ((5)) of I before a larger deg  https://t.co/p4oVQLFta4,1,0,2023-03-24 18:20:19+00:00
5,"If it needed to any clearer for any bulls left. You are going to be dancing alone with no chair, no music, and no f  https://t.co/yk8McjgG4M",1,0,2023-03-24 18:12:14+00:00
6,$NVDA seeing an uptick in chatter on 4chan over the last 24 hoursVia https://t.co/OPL1OPSJdo#nvda    #4chan  https://t.co/FyIwBrE3aR,0,0,2023-03-24 18:02:14+00:00
7,$NVDA was the 3rd most mentioned on wallstreetbets over the last 7 daysVia https://t.co/OPL1OPSJdo#nvda  https://t.co/y6ZVGe5QIi,0,0,2023-03-24 17:52:17+00:00
8,"Anyone shorting #NVDA ??? 

#stockmarket",0,0,2023-03-24 17:27:52+00:00
9,$NVDA one of the most mentioned on wallstreetbets over the last 7 daysVia https://t.co/OPL1OPSJdo#nvda  https://t.co/ESmhvrGu0m,0,0,2023-03-24 17:22:08+00:00
10,"$nvda shorts been channeling their inner Bon Jovi and livin on a prayer. 

Intraday clawing back a bit, but startin  https://t.co/FnOTb0inUS",0,0,2023-03-24 16:54:34+00:00
11,"AI Stocks: In Case You Missed It On Trump, Bard, Adobe, Nvidia
#googleparent #nvda #donaldtrump #newyorkcity #trump  https://t.co/yId9iPAXV3",0,0,2023-03-24 16:44:13+00:00
12,"Looking for #NVDA to lose 260, that will be confirmation to start my short position.",0,0,2023-03-24 16:41:57+00:00
13,$NVDA - This NVDA Bear Call Spread has Defined Risk and 15% ROI Potential  #NVDA https://t.co/DzmTGXOzvM https://t.co/OCnZLf7xQZ,0,0,2023-03-24 15:52:59+00:00
14,Don t fight the tape. If they are gonna take a stand on #Charlieschwab  today then short #AMD  another great compan  https://t.co/cbzRPX1OOk,0,0,2023-03-24 15:39:28+00:00
15,"Well well well 
#NVDA #crash https://t.co/SQIj2OxSU4",2,0,2023-03-24 15:16:19+00:00
16,#NVDA finally it is cracking a bit,0,0,2023-03-24 15:11:07+00:00
17,NVDA: Incredibly Bullish! - #NVDA chart on @TradingView https://t.co/zA5Qt9bohI,0,0,2023-03-24 14:57:32+00:00
18,@RJRCapital #NVDA is 4 th highest weighting in Nasdaq so caution as the Fed is buying large cap stocks to support t  https://t.co/bgT2Fu2G13,0,0,2023-03-24 14:56:39+00:00
19,"Thank you #NVDA for the red candle#have been shorting every day for past 3 days and taking profits 

Also want to t  https://t.co/kmMHmpM9a3",1,1,2023-03-24 14:51:26+00:00
20,#NVDA $NVDA as I said before has to finish above the 275.5 resistance. https://t.co/GZclt9kWBD,0,0,2023-03-24 14:28:12+00:00
21,#NVDA takes the cake. The Most Dark Pool Sales Below the BID that we have #everseen,0,0,2023-03-24 14:23:35+00:00
22,"#NVDA #DARKPOOL 100,000 block of #NVDA below bid. Major sales in DP.
Massive NVDA BLOCKs dumping NVDA in the #DP  https://t.co/K2ePhKpIpV",0,0,2023-03-24 13:47:41+00:00
23,"#NVDA #DARKPOOL 100,000 block of #NVDA below bid. Major sales in DP  https://t.co/q7bQQqdPfF",0,0,2023-03-24 13:46:50+00:00
24,April 21st expiration SPY. Look how much PUT ratio to call is built up there. What happens? Weirdly QQQ doesnt look  https://t.co/x6LC0xCfRy,0,0,2023-03-24 13:44:57+00:00
25,#NVIDIA Cramer says hold but don't buy new from this price point. Wait to see if #NVDA makes money to match up agai  https://t.co/wDSc3jYarQ,0,0,2023-03-24 13:44:22+00:00
26,HOUSTON WE HAVE A PROBLEM Wow Cramer now bashing #NVDA too funny.   I have been saying NVDA won t have any earnin  https://t.co/9Dq2a9eORS,0,0,2023-03-24 13:43:42+00:00
27,$nvda kiss of death. 13 count sell signal at top of rising broadening wedge. Buh. Bye. Sell now or lose your profit  https://t.co/NKqecoIuUh,14,3,2023-03-24 13:43:14+00:00
28,Wow Cramer now bashing #NVDA too funny.   https://t.co/F698y0i626,0,0,2023-03-24 13:39:58+00:00
29,"#options
#OptionsTrading
https://t.co/wyfH3UuLP0
In early morning options action, equity names among the top 10 mos  https://t.co/YQYj79OX91",2,0,2023-03-24 13:32:55+00:00
30,$NVDA is a great short from here. AI is not going to save the world Mr. #Cramer Pay attention to the rest of the wo  https://t.co/3JIMXwlqJd,2,0,2023-03-24 13:05:09+00:00
31,$NVDA working its way into the top 10 most mentioned on wallstreetbets over the last 7 daysVia  https://t.co/xhti774pjy,0,0,2023-03-24 11:21:30+00:00
32,$NVDA seeing sustained chatter on 4chan over the last few daysVia https://t.co/OPL1OPSJdo#nvda    #4chan  https://t.co/kuXjZzOraO,0,0,2023-03-24 10:31:20+00:00
33,"$NVDA #NVDA some huge call buying yesterday, haven t seen anything higher than $3.5M 2 weeks ago, that $8.5 million  https://t.co/SwKeWHRinR",0,0,2023-03-24 10:02:43+00:00
34,ES_F #ES_F Head &amp; Shoulders on the 4 hour chart new candle starts at 6AM $QQQ #QQQ  $NVDA #NVDA https://t.co/AflXDtB5sX,0,0,2023-03-24 09:58:54+00:00
35,"Not a good day as 50% sl was triggered but still managed some profits

#DowJones #HidenbergReport  https://t.co/6uHaLISaE3",1,0,2023-03-24 09:25:40+00:00
36,Ok you guys #QQQ and #NVDA watch it but I m favoring #QQQ https://t.co/svMlyRZzSB,5,1,2023-03-24 08:12:12+00:00
37,@GameofTrades_ No. stonk up. look at #NVDA,0,0,2023-03-24 07:50:51+00:00
38,"#HindenbergResearch next short idea could be #NVDA on below assumptions 

It s PE is high
Revenue is negative 
They  https://t.co/8kfCNnna1H",0,0,2023-03-24 05:59:02+00:00
39,"@PauloMacro I get it too, but I get the timing wrong, ha-ha
Short #NVDA",0,0,2023-03-24 05:07:47+00:00
40,"$NVDA - looking at this through an inverse shark harmonic lens. Confluence for a target at around $300, which would  https://t.co/MxfBUrq9ww",16,1,2023-03-24 04:54:28+00:00
41,"@1Powerplayer @RJRCapital Jim Cramer is bullish on #NVDA, so it is good sell signal now.",2,0,2023-03-24 04:37:11+00:00
42,$NVDA working its way into the top 10 most mentioned on wallstreetbets over the last 7 daysVia  https://t.co/PgHly0xTB7,0,0,2023-03-24 04:30:37+00:00
43,$NVDA one of the most mentioned on 4chan over the last 7 daysVia https://t.co/OPL1OPSJdo#nvda    #4chan  https://t.co/bisEvW7aiu,0,0,2023-03-24 04:00:43+00:00
44,#nvda have not changed any drawings since January this went absolutely crazy since I posted this inverse head and s  https://t.co/gQEFpkpGGh,2,0,2023-03-24 02:55:41+00:00
45,"$NVDA #NVDA The inverse Will Smith smack today to keep this thing above resistance. 

Breakout continues. https://t.co/6bBi6lnBFx",157,10,2023-03-24 01:51:00+00:00
46,#NVDA Potentially at the top of the Tri. Inside Day. https://t.co/H1i45W7u4b,0,0,2023-03-24 01:43:18+00:00
47,"Rejection at the neckline.

Daily shows Yesterday was gravestone doji. Today was doji / inside bar.

#NVDA #AMD all rallying off AI news.",10,0,2023-03-24 01:24:06+00:00
48,$NVDA seeing sustained chatter on 4chan over the last few daysVia https://t.co/OPL1OPSJdo#nvda    #4chan  https://t.co/42paxc7tD6,0,0,2023-03-24 01:20:17+00:00
49,Could everyone on fintwit please stop saying they are short #NVDA..... thank you.  https://t.co/9semOsKvv9,1,0,2023-03-23 22:55:46+00:00
50,"YouTube analysis: https://t.co/hTzgZUDcAp

- $QQQ equilibrium pattern is going to be key break for which direction  https://t.co/IN2V8hoHw6",1,0,2023-03-23 22:42:44+00:00
51,$NVDA seeing an uptick in chatter on 4chan over the last 24 hoursVia https://t.co/OPL1OPSJdo#nvda    #4chan  https://t.co/sG8s457Afx,0,0,2023-03-23 22:19:51+00:00
52,NVDA maybe the most transformative technology company of our generation. They re 10-15 years ahead of everyone. Jen  https://t.co/wT3dv9Fuwr,2,1,2023-03-23 22:04:26+00:00
53,$NVDA FACTs: #NVDA is up 9 consecutive days and gapped up in 5 of those 9 days. Has any stock ever gapped up that m  https://t.co/HdcxrMAEqk,2,1,2023-03-23 21:41:12+00:00
54,"$AI - King of the hottest tech sector has perks.
Nice near 10% gain. 

Above all #movingaverages is a great thing -  https://t.co/jKyvdS0b90",2,0,2023-03-23 21:36:53+00:00
55,$NVDA - great things happen over the 8 and 20 #movingaverages as we see this use the lines as moving supports inste  https://t.co/dDLOHw9ope,0,0,2023-03-23 21:31:50+00:00
56,"$NVDA - Great things happen over all the moving averages - and silly as it sounds to wait, there are so many good g  https://t.co/jnIrStwJ8n",0,0,2023-03-23 21:29:28+00:00
57,#NVDA #NASDAQ100 updated. https://t.co/s6cCpukxnV https://t.co/juD6SIBNZx,0,0,2023-03-23 21:21:44+00:00
58,"Anyone who makes a bearish argument against #TSLA because of its stock price and therefore valuation, should take a look at #NVDA.",1,0,2023-03-23 21:05:10+00:00
59,$NVDA seeing an uptick in chatter on wallstreetbets over the last 24 hoursVia https://t.co/OPL1OPSJdo#nvda  https://t.co/XvlwccF0ga,0,0,2023-03-23 20:49:45+00:00
60,"$NVDA DRIVING OVER EVERYONES PUTS $$$$$$$.
SHORTS ARE ALSO SELLING PUTS AGAINST THE STOCK TO AVERAGE UP.

NO SHORT  https://t.co/0thMu2U1yG",1,0,2023-03-23 20:25:28+00:00
61,Just noticed this on JNK. Looks just like the regional banking 1 before it puked into the depths of hell. Watch out  https://t.co/t41sE1BdMY,0,1,2023-03-23 19:25:58+00:00
62,"Back to basics trading still wins in this market. Classic EMA crossover, retest and rejection. AKA ""The Break, hook  https://t.co/wRivbSOqS6",1,0,2023-03-23 19:23:12+00:00
63,$NVDA seeing an uptick in chatter on wallstreetbets over the last 24 hoursVia https://t.co/OPL1OPSJdo#nvda  https://t.co/L7gopWU4Mr,0,0,2023-03-23 19:19:26+00:00
64,$NVDA quick swing profit on #NVDA puts today. https://t.co/1UolWTJr4C,0,0,2023-03-23 19:06:55+00:00
65,$NVDA one of the most mentioned on wallstreetbets over the last 7 daysVia https://t.co/OPL1OPSJdo#nvda  https://t.co/cgHuclOhKY,0,0,2023-03-23 18:09:13+00:00
66,"#NVDA such a beautiful chart, heikin ashi view, though RSI is getting hot https://t.co/et25Klcmwn",1,0,2023-03-23 17:50:46+00:00
67,#NVDA stock is being bullish because of the release of #chatgpt4  #ChatGPT,0,0,2023-03-23 17:33:35+00:00
68,A perfect cup is forming for #NVDA. Any downward moves are buying opportunities for those who are not currently in  https://t.co/ttpHsyLmI7,2,0,2023-03-23 17:25:09+00:00
69,Worst part about being a bear if this market crashes. Noone will care that you were right. No family members or fri  https://t.co/2c5BvTCnFC,1,0,2023-03-23 16:47:25+00:00
70,"#NVDA 

$289 resistance https://t.co/j0aFjBCXTQ",2,0,2023-03-23 16:43:56+00:00
71,My first day back from vacation and the GOAT delivers! YOU DROPPED THIS  !!! Thanks for the insight on all the cata  https://t.co/ec7srMeEaA,1,1,2023-03-23 16:38:13+00:00
72,99 count down signal on #NVDA &amp; 13 countdown signal on #NASDAQ triggered yesterday. 20 MA crossed below 100 MA on #SPX #SPY  ,1,0,2023-03-23 16:37:39+00:00
73,"$nvda #nvda is not a reserve currency, nor is it gold or Bitcoin.",0,0,2023-03-23 16:37:10+00:00
74,This is what it feels like big money is doing. Slam short dated calls to pump up stock or index. Sell small 1000 sh  https://t.co/RUaFbmtAlF,1,0,2023-03-23 16:16:25+00:00
75,That didn t take long. Apparently not everyone is excited about AI.   #ai #nvda #goog #msft https://t.co/VmioUGxlIc,4,1,2023-03-23 16:16:17+00:00
76,"$NVDA Before and After
 
More: 
https://t.co/WPhXhjWFeu #NVDA #StocksToBuy https://t.co/7Qxh7K5bGo",2,0,2023-03-23 15:50:33+00:00
77,Here are my thoughts on #NVDA https://t.co/tGaxDEan3P #stocks #tech,2,2,2023-03-23 15:33:56+00:00
78,$NVDA - #NVDA chart on @TradingView https://t.co/3wQgt1MDXU,0,0,2023-03-23 15:27:14+00:00
79,100% robotic price action. Yesterday FOMC sell off was obviously due to the big bulls having a company party and th  https://t.co/SE6eUKbsGJ,0,0,2023-03-23 15:16:09+00:00
80,"$NVDA #NVDA - Yesterdays daily candle and up 3.5% for the day???  ... ""Who hurt you""   https://t.co/13ImiBBzqE",0,0,2023-03-23 15:15:57+00:00
81,This is 1 of the best 0dte setups short I have ever seen. All that volume at 395 and 396 will be a magnet here. We  https://t.co/MQuQjSxnyN,0,0,2023-03-23 15:15:41+00:00
82,"NVDA is the next trillion dollar company.
#NVDA https://t.co/wzY3JNFpuc",0,1,2023-03-23 14:53:31+00:00
83,Serious question. Are humans really buying 275 calls expiring tomorrow and even 280 calls? I find that very hard to  https://t.co/bfJ57YK8jv,3,0,2023-03-23 14:44:10+00:00
84,"#NVDA 60% up from recommended price .
wait for next entry level very soon .
we can expect small correction this sto  https://t.co/dNBoX40bj5",0,0,2023-03-23 14:34:29+00:00
85,"#options
#OptionsTrading
https://t.co/wyfH3UudZs
In early morning options action, equity names among the top 10 mos  https://t.co/1gNotpQbAH",0,0,2023-03-23 13:35:43+00:00
86,if #NVDA $NVDA manages to cross and finish above 275.5 next target will be 289! https://t.co/eUi93QASmr,2,1,2023-03-23 13:33:38+00:00
87,#BREAKINGNews #NVIDIA #NVDA #NASDAQ100 #WTI #HK50 #ASIA #STOXX50 #QQQ #NASDAQ #NYSE #DAX --NVIDIA NEW PRICE TARGET  https://t.co/98kuwuPWhT,0,0,2023-03-23 12:50:13+00:00
88,"@AlessioUrban Nvda revenue 26 billion.
Berkshire revenue 300 billion

Nvda bigger market cap. Anyone buying Nvda he  https://t.co/MXQmEZydqa",4,0,2023-03-23 12:43:52+00:00
89,"$NVDA #NVDA Was this an intraday breakout to just stop out every short there was?

Or do we continue to the $300 ar  https://t.co/RsSeNtK6kE",0,0,2023-03-23 11:43:18+00:00
90,"Are you curious about non-violent direct action and its effectiveness in creating change?   
Learn more about non-v  https://t.co/2PFdD8xKPi",6,4,2023-03-23 10:51:56+00:00
91,$NVDA seeing an uptick in chatter on 4chan over the last 24 hoursVia https://t.co/OPL1OPSJdo#nvda    #4chan  https://t.co/o7Psl5m9FP,0,0,2023-03-23 10:38:13+00:00
92,@SheepTrades   #NVDA $NVDA #NVIDIA May  be  or  Not  https://t.co/czMJViJOq1,0,0,2023-03-23 10:08:45+00:00
93,NVDA nasty drop in front of us - #NVDA chart on @TradingView https://t.co/p9sBiHrG1X,1,1,2023-03-23 09:24:21+00:00
94,$NVDA seeing an uptick in chatter on 4chan over the last 24 hoursVia https://t.co/OPL1OPSJdo#nvda    #4chan  https://t.co/9lsyhOvhUJ,0,0,2023-03-23 09:08:10+00:00
95,February was a tough month for markets as US economic data pointed to rates that will likely stay higher for longer  https://t.co/KeJzDtg4Ce,0,0,2023-03-23 09:05:12+00:00
96,$NVDA one of the most mentioned on 4chan over the last 24 hoursVia https://t.co/OPL1OPSJdo#nvda    #4chan  https://t.co/UZj2UklUUj,0,0,2023-03-23 07:37:52+00:00
97,"#NVDA closed higher on Wednesday, despite the market closing lower.

The 12-month Prediction for $NVDA has been rai  https://t.co/W4wXoDOk1q",0,0,2023-03-23 07:25:57+00:00
98,"  warm up guys  
$coin #NVDA #AAPL https://t.co/XFygloSLVt",0,0,2023-03-23 06:37:21+00:00
99,$NVDA one of the most mentioned on 4chan over the last 24 hoursVia https://t.co/OPL1OPSJdo#nvda    #4chan  https://t.co/zAib1JXuCm,0,0,2023-03-23 05:07:37+00:00
100,#NVIDIA $NVDA #NVDA 230p .70avg 3/31exp,1,0,2023-03-23 05:00:31+00:00
101,Chill the fk every1 and short #nvda lol #HindenbergResearch,0,0,2023-03-23 04:59:59+00:00
102,"Nvidia stock hits best winning streak since 2007 as AI advantage called 'insurmountable'
#nvidiacorp #nvidia #nvda  https://t.co/udQAFwe4jf",0,0,2023-03-23 04:46:13+00:00
103,"What Happen In 17150 Call 

Buyers= 96%
Sellers= 3%

#DowJones #HidenbergReport #HidenbergResearch #StocksToBuy  https://t.co/t31RzfEpUv",2,0,2023-03-23 04:27:20+00:00
104,"#Nifty 
Above 17203.50:- 17257.70,17326.05,17412.40,17518.30
Below 17104.15:-17039.40,16972,16893.20

#DowJones  https://t.co/QcLeFCpcPH",2,1,2023-03-23 03:41:44+00:00
105,"#NiftyBank
Above 40121.70:- 40348.60,40622.25,40909.25
Below 39728.50:-39517.10,39139.40,38852.60

#DowJones  https://t.co/X5NuAEAlhe",3,0,2023-03-23 03:38:47+00:00
106,@OldManBlackSock Agreed...  But it has some people thinking after Raymond James put a $370 target on $#NVDA last mo  https://t.co/nCKdJ7UlKB,0,0,2023-03-23 03:32:15+00:00
107,Holy cow. https://t.co/4QftnfUepD #NVDA #NVIDIA,0,0,2023-03-23 03:24:30+00:00
108,"We're back in Australia and to celebrate, we've got a new 2023.1 Release Candidate! https://t.co/eBNkkaPLM9  As wel  https://t.co/R6O3aUvwuZ",7,9,2023-03-23 03:13:50+00:00
109,$NVDA - #NVDA chart on @TradingView https://t.co/dVbf8yip2x,1,0,2023-03-23 02:58:25+00:00
110,They are still buying the dip. The dip of the dip of the dip non stop dip buying. When will these dip buyers get pu  https://t.co/5WK0BXksBh,3,0,2023-03-23 02:54:20+00:00
111,$NVDA one of the most mentioned on wallstreetbets over the last 24 hoursVia https://t.co/OPL1OPSJdo#nvda  https://t.co/qg11AyFd9C,0,0,2023-03-23 02:37:16+00:00
112,"[Update] $NVDA Daily. #NVDA inverse h/s pattern has met it's target + printed a shooting star, suggests a pullback  https://t.co/fh8XlkyPrP",24,7,2023-03-23 02:34:16+00:00
113,"Quantitative Trading Based on a Self-learning Algorithm: Returns up to 62.88% in 3 Months
https://t.co/iV0FLd3n85  https://t.co/Tc6KuVNe33",0,0,2023-03-23 02:00:39+00:00
114,"Quantitative Trading Based on a Self-learning Algorithm: Returns up to 62.88% in 3 Months
https://t.co/GCYJAyIc0U  https://t.co/ThAl1HRLrA",0,0,2023-03-23 02:00:39+00:00
115,"Quantitative Trading Based on a Self-learning Algorithm: Returns up to 62.88% in 3 Months
https://t.co/Tkte2sjcvZ  https://t.co/76j0ZRCGiC",2,2,2023-03-23 02:00:39+00:00
116,"Quantitative Trading Based on a Self-learning Algorithm: Returns up to 62.88% in 3 Months
https://t.co/790qLP1OM2  https://t.co/uDi2OgA3d2",0,0,2023-03-23 02:00:17+00:00
117,"Quantitative Trading Based on a Self-learning Algorithm: Returns up to 62.88% in 3 Months
https://t.co/gUUy4Fh4Tn  https://t.co/66tsPDFK6w",4,3,2023-03-23 02:00:17+00:00
118,$NVDA just printed a gravestone doji on the daily chart. Price is likely to reverse back down to its EMA cloud.  https://t.co/XxQ0lVwtQb,6,0,2023-03-23 00:53:59+00:00
119,"$NVDA #NVDA Was this an intraday breakout to just stop out every short there was?

Or do we continue to the $300 ar  https://t.co/9qsw7xHV8M",204,17,2023-03-23 00:49:23+00:00
120,"YouTube analysis: https://t.co/bK5IQFuFNZ

- Looking for a hourly Bear flag on $SPY and $QQQ after this huge move d  https://t.co/gB2LneoWgJ",2,0,2023-03-23 00:21:29+00:00
121,"@AMD We r lead the #market  
Only us with #nvda holding on new higher  
we r saving #usa market  
#AMD  https://t.co/UFvkq98qIT",0,0,2023-03-23 00:19:41+00:00
122,The Ratings Game: Nvidia stock hits best winning streak since 2007 as AI advantage called  insurmountable  https://t.co/LNd09hys3H,0,0,2023-03-23 00:08:30+00:00
123,"UNUSUAL PAPER #OptionsFlow
$NVDA
$300.00 PUT
EXPIRES = 05/19/2023
SIZE = 137
OI = 4
COST = $531,574
STOCK PRICE = $  https://t.co/w7MUZYWETE",0,0,2023-03-23 00:01:08+00:00
124,$NVDA seeing sustained chatter on 4chan over the last few daysVia https://t.co/OPL1OPSJdo#nvda    #4chan  https://t.co/J3UGSdQTNK,0,0,2023-03-22 23:56:57+00:00
125,"@Mr_Derivatives I don't know what you're smoking, but $NVDA is on fire and headed for the moon. Bulls unite!   https://t.co/ZlMEGVVTnJ",0,0,2023-03-22 23:26:24+00:00
126,@MrnllMtt Why hold on to something that annoys you? Cut your losses and move on. There are plenty of other great st  https://t.co/kZFfBisvah,0,0,2023-03-22 23:10:06+00:00
127,@Jake__Wujastyk Smart move! Trust your instincts and don't miss out on potential gains. Keep a close eye on those i  https://t.co/TAhTwwR99U,0,0,2023-03-22 22:56:03+00:00
128,"Guess #NVDA showing a gravestone doji on the daily?

Right? https://t.co/7yMekXkigb",0,0,2023-03-22 22:41:41+00:00
129,"#Stocks making the biggest moves midday: @Nvidia, @firstrepublic, @Nike, @GameStop and more https://t.co/QHRwKpOYsN  https://t.co/2rfQBpwo9f",0,0,2023-03-22 22:06:28+00:00
130,"The contracts were only $7 each
 And they ran to $18 per contract

Imagine investing $1000
And walking away with $2  https://t.co/dkqfRYun8U",69,3,2023-03-22 22:04:27+00:00
131,"$NVDA Supply zone 

Pulling back...

#NVDA #TW0E https://t.co/pgpiIcjLAH https://t.co/rrZ2k9IzBx",2,0,2023-03-22 21:55:26+00:00
132,"Ok so here is what happened!!! 

Watch the whole video! You ll be blown away  
#NVDA https://t.co/hzb5DinI5l",121,7,2023-03-22 21:49:58+00:00
133,"Check out my #NVDA analysis on @TradingView: https://t.co/TxN471dR5F 

if you are following any idiot that asked yo  https://t.co/JeMYDlIKB6",0,0,2023-03-22 21:36:14+00:00
134,$NVDA seeing an uptick in chatter on wallstreetbets over the last 24 hoursVia https://t.co/OPL1OPSJdo#nvda  https://t.co/WJCflF1y3G,0,0,2023-03-22 20:56:36+00:00
135,#NVDA Did the atm shut down? No more free money?,0,0,2023-03-22 20:34:02+00:00
136,"Daily recap -&gt; 3.22.2023 
 
Only (1) new alerted trade idea #TCFF and only continuation ones #NVDA Target 2 of 4 (+  https://t.co/iMBmsFB8Xe",0,0,2023-03-22 20:19:43+00:00
137,$NVDA seeing sustained chatter on wallstreetbets over the last few daysVia https://t.co/OPL1OPSJdo#nvda  https://t.co/9NjSkGtbHe,0,0,2023-03-22 20:16:39+00:00
138,WHAT A DAY. FOMC made the market rally while I was betting against it due to the status of the shit that s going on  https://t.co/9dFgIhSSMq,0,0,2023-03-22 20:07:15+00:00
139,#NVDA from $12 down to $3 gain today in a matter of minutes - thanks Fed!,0,0,2023-03-22 20:05:13+00:00
140,"Thanks Cramer

Made some money shorting 

Now #NVDA $264 https://t.co/IqDRZpXJll https://t.co/u0db7UsI98",2,1,2023-03-22 20:03:31+00:00
141,"Best pair trade ever. 
LONG BRK.B short NVDA.

#NVDA #brk.b #brk.a #berkshirehathaway #trading #stockmarkets #stockmarketcrash",1,0,2023-03-22 19:52:52+00:00
142,"@rektifried #NVDA no, if it drop pass that big support I would think $70. sorry didn't see your message still now.",0,0,2023-03-22 19:47:14+00:00
143,Bearish Semiconductors from here. #NVDA #SOXS,2,0,2023-03-22 19:46:42+00:00
144,"$NVDA #NVDA 
Should be a good point to take some off. 
https://t.co/vCw9dT9ER9",0,0,2023-03-22 19:45:20+00:00
145,"What does HON. stand for? 
Wrong answers only.

#Powell #Yellen #stockmarkets #SPY #SPX #qqq #tslaq #tsla #NVDA https://t.co/YilsPYBBX2",1,0,2023-03-22 19:23:49+00:00
146,"https://t.co/t6kVcSK6IH

Stock market:
$PALLAD +4.84%  
$AMD +4.31%  
$NVDA +3.9%  
$SILVER +3.48%  

$NKE -3.3%   https://t.co/XjyTaP8FIA",0,0,2023-03-22 19:00:03+00:00
147,Shorts are capitulating big time #nvda $nvda,0,0,2023-03-22 18:45:59+00:00
148,@frankoz95967943 They passed berkshire. I just looked. NVDA has a revenue of 26 billion and berkshire has a revenue  https://t.co/nSEZ3ZmJWb,1,0,2023-03-22 18:29:26+00:00
149,Nvidia 3mins engulfing bar showing Relative Strength to the Market. My Trading Plan is my Trophy. #NVDA #QQQ https://t.co/F5SXVokhu4,0,0,2023-03-22 18:02:32+00:00
150,  Last chance to scoop up some $AMD before it makes headway to 115 range #spy #tsla #qqq #nvda,0,1,2023-03-22 17:34:50+00:00
151,"Analysts Applaud Nvidia's AI Moves; #NVDA Stock Rises - #AI #Software #Services #InvestorsBusinessDaily 

https://t.co/fSVEiczQ95",0,0,2023-03-22 17:12:08+00:00
152,"$NVDA

It's reaching today its Inverted Head-and-Shoulder pattern target  

What's next?

#NVDA #semiconductors  https://t.co/E1cAMmRgzQ",19,2,2023-03-22 17:01:04+00:00
153,"$NVDA #NVDA For day traders out there. 

Pretty easy setup to manage risk w/ clear trigger.

Potential H&amp;S on 10-mi  https://t.co/FX8bVnRbKZ",125,9,2023-03-22 17:00:25+00:00
154,"https://t.co/t6kVcSK6IH

Stock market:
$PALLAD +4.11%  
$AMD +2.95%  
$PRX.AS +2.85%  
$NVDA +2.8%  

$NKE -2.3%   https://t.co/TGSzyAIYlq",0,0,2023-03-22 17:00:02+00:00
155,"Choppy market. 

#NVDA https://t.co/zZes7DIRMl",3,0,2023-03-22 16:25:33+00:00
156,"Check my ideas at: https://t.co/uuEz9pp3G9
#BTC  #BTCUSDT #eurusd #forex #nvda #nasdaq https://t.co/b9LQ9Nftn9",1,0,2023-03-22 16:15:43+00:00
157,Congratulations to $NVDA for becoming bigger than Berkshire Hathaway. Don't miss out on the chance to win amazing p  https://t.co/2h2DRDLkfG,0,0,2023-03-22 16:04:50+00:00
158,"Don't miss out on TEMU's giveaway! While $NVDA tests investors' nerves, you can relax and win prizes. Shop with TEM  https://t.co/5B0E1nA1TQ",0,0,2023-03-22 16:04:37+00:00
159,NVDA volitility could be coming - still eyeing $330 - #NVDA chart on @TradingView https://t.co/AIBTKTVWhA,1,0,2023-03-22 15:52:32+00:00
160,"Took a reversal on #NVDA as it didn't break down, anticipating the PDH/PMH/HOD breaks above. Ripped on volume and t  https://t.co/hxg9OGaHMc",3,0,2023-03-22 15:46:52+00:00
161,"Wow, $NVDA continues to dominate the market! Don't miss out on the chance to win a shopping spree at TEMU. Check ou  https://t.co/XLwZe55URQ",0,0,2023-03-22 15:45:32+00:00
162,"Despite irrationality, $NVDA is making a comeback. Don't miss out on TEMU's giveaway for tech enthusiasts! Shop now  https://t.co/fVoXJx663w",0,0,2023-03-22 15:45:24+00:00
163,I knew it was going to keep climbing. That's why I made the #NVDA play ;) once we reach that supply zone we may see  https://t.co/6ytFEN6wPY,0,0,2023-03-22 15:44:16+00:00
164,"Overall it seems. Stock market returns are not so good. 
 #NVDA  #Stocks #Capital https://t.co/cBruuAmW8J",0,0,2023-03-22 15:38:23+00:00
165,@Jake__Wujastyk Can't wait for the detailed thesis! Making decisions based on data and probabilities is essential i  https://t.co/K5wVYbQ2ve,0,0,2023-03-22 15:37:38+00:00
166,Trade $NVDA on TEMU while earning rewards! Check out the list of active fund distributions and join our giveaway fo  https://t.co/x9ZApCY8Je,0,0,2023-03-22 15:35:51+00:00
167,@StockMKTNewz Excited to see what groundbreaking innovations in AI and accelerated computing Jensen Huang and Nvidi  https://t.co/NPldy9OySR,0,0,2023-03-22 15:29:53+00:00
168,He is heavily down on his shorts now. Wonder who follows him into these shorts. Terrible stock picker isn't he  https://t.co/NSEstxFfxZ,1,0,2023-03-22 15:28:34+00:00
169,2nd picture is where I should have sold. 1st is where I realized I got geedy. DONT GET GREEDY! #NVDA #TRADING https://t.co/3WAcFoWmay,0,0,2023-03-22 15:19:13+00:00
170,"$NVDA $DAILY #NVDA 
After that large gap in Feb, I kept saying that it's not the best idea to short #NVIDIA coz thi  https://t.co/oKR8Nle32V",15,2,2023-03-22 15:17:36+00:00
171,#NVDA diamond top potential with ext at 266.72 https://t.co/zwkNXnqfTu,1,0,2023-03-22 15:17:19+00:00
172,"2/2   
#NVDA $NVDA
MACD turned around and showed us a bullish signal.
The blue arrows indicate to me that there is  https://t.co/gSxhHnolGG",0,0,2023-03-22 15:07:38+00:00
173,"Ok! 1/2 
I'm gonna explain why I took this trade on #NVDA $NVDA, We are watching a 1-minute chart.
So on the green  https://t.co/48FdLYs8cI",0,0,2023-03-22 15:07:37+00:00
174,"https://t.co/t6kVcSK6IH

Stock market:
$PALLAD +4.48%  
$PRX.AS +3.09%  
$NVDA +2.75%  
$TCEHY +2.3%  

$NFLX -1.43  https://t.co/dkwWe0vAqL",0,0,2023-03-22 15:00:02+00:00
175,"RIP #NVDA 

Shorting at $270

Wish me luck Cramer

NFA  https://t.co/75E6Rdv6NJ",1,0,2023-03-22 14:40:27+00:00
176,"RIP #NVDA 

Shorting at $170

Wish me luck Cramer

NFA  https://t.co/qioYoRzooV",0,0,2023-03-22 14:40:15+00:00
177,"Who would do this? I mean their is no way this is legit action with motive. 
#NVDA #qqq #optionbuying  https://t.co/DqwUyP6wd7",1,1,2023-03-22 14:37:29+00:00
178,@Mr_Derivatives #NVDA  is in a very health trend channel that leads to a PT of about $300 for a market cap of about  https://t.co/UZo3ynvyWn,0,0,2023-03-22 14:12:43+00:00
179,"$NVDA #NVDA The ole peekaboo candle to literally blow up every short there is. 

Puts allow you to manage risk, sho  https://t.co/f2eFFw2iqm",224,16,2023-03-22 14:11:04+00:00
180,#NVDA I have doubled my shorts.,3,0,2023-03-22 14:01:32+00:00
181,"Breaking news! $NVDA, the tech giant behind semiconductors, is up 1.59% today. According to sparkle6193920, ""Aggres  https://t.co/B42Ck2MCIH",0,0,2023-03-22 13:58:49+00:00
182,Big trust most ain t this gangsta. Always early   #MU I m out when Twitter starts calling it. Follow most for what  https://t.co/U7lFV00yAA,0,0,2023-03-22 13:57:30+00:00
183,"I love the adrenaline of the first minutes when the stock market opens!

#NVDA $NVDA https://t.co/LskW8GJc37",0,0,2023-03-22 13:37:22+00:00
184,"#options
#OptionsTrading
https://t.co/wyfH3UuLP0
In early morning options action, equity names among the top 10 mos  https://t.co/nVh7mKlV5y",0,0,2023-03-22 13:35:57+00:00
185,-20$ per share shorting #nvda based on inverse #cramer.,0,0,2023-03-22 12:57:11+00:00
186,"PUT OPTIONS ON NVDA NOW!!!

#NVDA #NVIDIA #StocksToSell #OptionsTrading #options https://t.co/Ir0gtRHCRG",32,1,2023-03-22 12:56:25+00:00
187,#NVDA CEO is a old handsome elite. He invented GPU cards and reinforced efficacy to next generation. DGX H100 is a  https://t.co/6wVIEyLI4q,1,0,2023-03-22 11:52:11+00:00
188,$NVDA one of the most mentioned on 4chan over the last 24 hoursVia https://t.co/OPL1OPSbnQ#nvda    #4chan  https://t.co/OXbThrqOw1,0,0,2023-03-22 11:25:05+00:00
189,Nvidia Trading The Bullish Sequence - #NVDA chart on @TradingView https://t.co/1rRoxtKXqg,0,0,2023-03-22 11:03:52+00:00
190,"We're entering an age of acceleration in #Technology due to #AI.

I'm aggressively allocating capital to Datacenter  https://t.co/E6bp8oOsVS",2,0,2023-03-22 10:56:50+00:00
191,#NVDA Approaching a key SR with fib channel above.. claim them both and it could have a good run... reject from her  https://t.co/q2U3G3LLkp,0,0,2023-03-22 10:48:59+00:00
192,@alexkoh Don't you think #NVDA way too overvalued?,0,0,2023-03-22 10:27:03+00:00
193,Oh nooooo #NVDA https://t.co/NXG4vvv9DJ,0,0,2023-03-22 09:39:54+00:00
194,"@jimcramer Good bye #NVDA, time to load up!",1,0,2023-03-22 09:28:01+00:00
195,$NVDA one of the most mentioned on 4chan over the last 7 daysVia https://t.co/OPL1OPSbnQ#nvda    #4chan  https://t.co/zV2rKf8kps,0,0,2023-03-22 08:04:44+00:00
196,$NVDA seeing an uptick in chatter on 4chan over the last 24 hoursVia https://t.co/OPL1OPSbnQ#nvda    #4chan  https://t.co/EnO3vgWsTu,0,0,2023-03-22 07:54:47+00:00
197,$NVDA was the 3rd most mentioned on wallstreetbets over the last 7 daysVia https://t.co/OPL1OPSbnQ#nvda  https://t.co/c4nERZ1dkv,0,0,2023-03-22 05:05:27+00:00
198,"Top companies in the AI and machine learning globally.
Nvidia  (#NVDA)
 (#AMD)
Intel  (#INTC)
Xilinx,  (#XLNX)
Alph  https://t.co/NBH2NLjGle",5,0,2023-03-22 04:17:48+00:00
199,$NVDA working its way into the top 10 most mentioned on wallstreetbets over the last 24 hoursVia  https://t.co/RSeBG1IOgG,0,0,2023-03-22 02:54:09+00:00
200,@zerohedge Fun while it lasted. All 6 months of it. Guess I ll just be poor and let all these 2025 #nvda puts expire worthless,0,0,2023-03-22 02:43:08+00:00
201,"Everyone always comes alive when we have GREEN boner candles :woozy. I have NO idea where this gap up came from, bu  https://t.co/C0U2EQysWR",0,0,2023-03-22 02:01:16+00:00
202,$NVDA one of the most mentioned on 4chan over the last 7 daysVia https://t.co/OPL1OPSbnQ#nvda    #4chan  https://t.co/3bJkrPa61P,1,0,2023-03-22 01:03:49+00:00
203,$NVDA #NVDA Tomorrow seems to be judgement today for this absolute beast w/ J Pow wow. https://t.co/5iMWM53Ns6,277,27,2023-03-22 01:01:47+00:00
204,"Check out my #NVDA analysis on @TradingView: https://t.co/QOD0zQEOOZ 
Almost there $NVDA lets go $272 target",0,0,2023-03-22 00:46:20+00:00
205,$NVDA was the 3rd most mentioned on wallstreetbets over the last 7 daysVia https://t.co/OPL1OPSbnQ#nvda  https://t.co/hxZ99A5Dq1,0,0,2023-03-21 23:33:30+00:00
206,"UNUSUAL PAPER #OptionsFlow
$NVDA
$265.00 CALL
EXPIRES = 09/15/2023
SIZE = 217
OI = 3,221
COST = $744,983
STOCK PRIC  https://t.co/hdVWRZLsZW",0,0,2023-03-21 23:01:07+00:00
207,#GTC 2023 Keynote with #NVIDIA CEO Jensen Huang https://t.co/0AOp2KsF7i via @YouTube Is #NVDA rise just the start o  https://t.co/U66zdy3gro,0,0,2023-03-21 22:53:22+00:00
208,@mandertrades $10billion shelf offering gotta get dumped somehow.  You feel the pump? https://t.co/PD2RyvJcvs #nvda $nvda,0,0,2023-03-21 22:51:46+00:00
209,"@jimcramer it's the end of the rally of #NVDA, it's time to sell&lt; NOW!!!!  261.99 https://t.co/sK8Z8EAyyb",0,0,2023-03-21 21:48:30+00:00
210,"@jimcramer Damn, sucks to be an Nvidia shareholder now hahahahaha #NVDA",5,0,2023-03-21 21:42:42+00:00
211,"Join up!!

https://t.co/Y9AITlMkd4

#spy #qqq #tsla #nvda #aapl #amzn #spx #StockMarket #finance #crypto #bitcoin  https://t.co/JpOjC0WvCH",5,1,2023-03-21 21:24:48+00:00
212,$NVDA #NVDA is up 91% in 84 days! incredible! Even @jimcramer can't bring it down with his bullish calls every sing  https://t.co/3me9iHXQQi,0,0,2023-03-21 20:44:58+00:00
213,"#Gamestop just shocked the market with a profit, #NVDA lost money I think the numbers were down 55% #NVDA keeps say  https://t.co/We08oeo0Qg",0,0,2023-03-21 20:38:37+00:00
214,They are distributing #NVDA  but that doesn t mean it has to drop immediately. The specialists in this one really k  https://t.co/Ml6zY3vQDQ,0,0,2023-03-21 20:12:55+00:00
215,"Stock Algorithm Based on a Self-learning Algorithm: Returns up to 59.35% in 3 Months
https://t.co/G6EQ7S7BIf

#nvda  https://t.co/biTJNzDlFN",0,0,2023-03-21 20:01:42+00:00
216,"Stock Algorithm Based on a Self-learning Algorithm: Returns up to 59.35% in 3 Months
https://t.co/f2VmB8O6dy

#nvda  https://t.co/uzEM2kAiOJ",0,0,2023-03-21 20:01:42+00:00
217,"Stock Algorithm Based on a Self-learning Algorithm: Returns up to 59.35% in 3 Months
https://t.co/hjWobMAm4h

#nvda  https://t.co/kALqbpfE6U",0,0,2023-03-21 20:01:42+00:00
218,"Stock Algorithm Based on a Self-learning Algorithm: Returns up to 59.35% in 3 Months
https://t.co/2UaEpvDPtH

#nvda  https://t.co/m6hKUTagxi",3,3,2023-03-21 20:00:48+00:00
219,"Stock Algorithm Based on a Self-learning Algorithm: Returns up to 59.35% in 3 Months
https://t.co/SdfufEWXsL

#nvda  https://t.co/I8li37Kg1j",0,0,2023-03-21 20:00:48+00:00
220,$NVDA seeing an uptick in chatter on 4chan over the last 24 hoursVia https://t.co/OPL1OPSbnQ#nvda    #4chan  https://t.co/l81vkivHqX,0,0,2023-03-21 19:43:06+00:00
221,This is starting to become the new normal but wtf pattern is this? Yeah I got destroyed. Dark day for me. Goodluck  https://t.co/0oS4XZltsT,1,0,2023-03-21 19:30:09+00:00
222,This looks very close to a new record to me. #0DTE #SPY #TSLA #NVDA https://t.co/tydVjShyrt,0,0,2023-03-21 19:28:35+00:00
223,"Check my ideas at: https://t.co/SulcEeUpAU
#BTC #btcusd #forex #NVDA #EURUSD https://t.co/9nBfd0nRmq",1,0,2023-03-21 18:35:25+00:00
224,$nvda #nvda smart of insiders to keep flushing insider shares at $260 level.,0,0,2023-03-21 17:29:37+00:00
225,$NVDA Nvidia announces landmark  virtual-first  BMW factory https://t.co/h89L5On2wD #NVDA,0,0,2023-03-21 17:12:02+00:00
226,Question. Can we really crash tomorrow from FOMC? I ask this because its my belief the markets operate around the M  https://t.co/nNEDVTB5hs,1,0,2023-03-21 16:55:10+00:00
227,$NVDA worked out nicely   We also got in call scalps as volume came in and brought you back into the .618. Ping pon  https://t.co/SVK5JfkRHX,1,0,2023-03-21 16:44:10+00:00
228,$NVDA working its way into the top 10 most mentioned on 4chan over the last 24 hoursVia https://t.co/OPL1OPSbnQ  https://t.co/4SdS44CsSE,0,0,2023-03-21 16:42:35+00:00
229,AWS AND NVIDIA COLLABORATE ON NEXT-GENERATION INFRASTRUCTURE FOR TRAINING LARGE MACHINE LEARNING MODELS AND BUILDIN  https://t.co/U6HvhSR1Nd,0,0,2023-03-21 16:42:07+00:00
230,"today is the day the tech market says,  let there be pump 
#tsla #meta #amzn 

except for #nvda ? hm ",0,0,2023-03-21 16:40:20+00:00
231,"NEW VERSION of Acapela TTS voices for #NVDA  (V1.9) : Happy to continuously support @NVAccess
 &amp; NVDA screen reader  https://t.co/6I1cCjO0bI",14,14,2023-03-21 16:19:55+00:00
232,"https://t.co/GDhujx4xVy #NVDA Inverse H&amp;S Pattern Executed!

Only Gold Members get Trade &amp; Early Buy Alerts!  https://t.co/URA2FzUgDs",1,0,2023-03-21 16:03:35+00:00
233,Also CEO just said by 2030 auto manufacturers using the tech to build 300 million ev cars. Only 66 million cars are  https://t.co/8qTzuOHpyQ,0,0,2023-03-21 16:01:31+00:00
234,"https://t.co/JhMTlE2zA1: #NVDA Inverse H&amp;S Pattern Executed!

Only Gold Members get Trade &amp; Early Buy Alerts!  https://t.co/Gy9cug19JB",11,0,2023-03-21 15:51:44+00:00
235,I dont get it why was the metaverse so bearish for meta but so bullish for NVDA? I mean is it based on the thought  https://t.co/NmzwhAYzDc,0,0,2023-03-21 15:46:42+00:00
236,$NVDA on 1hour Pullback - #NVDA chart on @TradingView https://t.co/FdWV1gRMKd,1,0,2023-03-21 15:46:13+00:00
237,#NVDA $NVDA getting pushed back by touching the boilinger top line https://t.co/gBHW7YtAxE,3,1,2023-03-21 15:43:27+00:00
238,@marc71231126 $nvda #NVDA should break 346 next high  back down to 260.05 then see a target of 585 maybe https://t.co/H2hekF7xOI,0,0,2023-03-21 15:39:12+00:00
239,"The contra has spoken. 

Sell now. 

#NVDA #SPX #BTC https://t.co/weVYeof8rB",1,0,2023-03-21 15:38:12+00:00
240,$NVDA was the 3rd most mentioned on wallstreetbets over the last 7 daysVia https://t.co/OPL1OPSbnQ#nvda  https://t.co/dyBfdfX72H,0,0,2023-03-21 15:22:17+00:00
241,NVIDIA $NVDA just announced a Quantum Control Link connecting GPUs to a quantum computer. Could this be a sign of a  https://t.co/7dHUsksGru,0,0,2023-03-21 15:15:17+00:00
242,"$NVDA #NVDA Do shorts finally win or do we blow through this resistance from JPOW?

As mentioned, a daily close abo  https://t.co/PZruck8UZW",138,13,2023-03-21 14:27:55+00:00
243,"@dana_marlane $NVDA #NVDA if it doesn't close above $263 today, we can see a pull back to $240. Otherwise, it could  https://t.co/32MbH8qqMi",0,1,2023-03-21 14:27:32+00:00
244,"Unusual Option Activity on $NVDA 
Calls Sweep opened for $84K in premium 
Get Free Instant Notification from Mobile  https://t.co/26rOgo4g48",0,0,2023-03-21 14:04:38+00:00
245,Im only year 3 trader. I hadnt got to the lesson yet that bank failures is bullish for high yield credit and the st  https://t.co/qgkPT6QjXj,1,0,2023-03-21 13:48:37+00:00
246,"#NVDA.US, $ The AI sector is at the end of its strength. Although Nvidia is still very strong, its volume has shrun  https://t.co/LFQBeG7cS6",0,0,2023-03-21 13:06:42+00:00
247,"Stocks Picks of the Day 
#FRC -long 
#NVDA -long 
#TSLA -long 
#ALT -short 
Watching #SGML #viral #tiktok #fyu  https://t.co/Cf0uhxWGMm",1,0,2023-03-21 12:58:50+00:00
248,"$NVDA market cap measured daily hit $639.73B, the highest point in the last 90 days. 

#NVIDIACorporation #NVDA  https://t.co/xehBcw58KI",0,0,2023-03-21 11:48:07+00:00
249,#BREAKINGNews #NVIDIA #NVDA #NASDAQ100 #EUROPE50 #STOXX #HANGSENG #HK50 #ASIA #NIKKEI225 #FTSE100 #SP500  #SPY  https://t.co/ACmk3EEFIY,0,0,2023-03-21 10:58:17+00:00
250,$NVDA ($259.94) has 1st support at $222.97 and the 1st resistance at $263.99. It is estimated that #NVDA will be tr  https://t.co/0d4iSoA89B,0,0,2023-03-21 10:55:53+00:00
251,Is this going to be the peak media euphoria for #NVDA ? I hope not https://t.co/ZudEyBbcxq,0,0,2023-03-21 09:49:21+00:00
252,$NVDA was the 3rd most mentioned on wallstreetbets over the last 24 hoursVia https://t.co/OPL1OPSbnQ#nvda  https://t.co/fBTIOwpHGW,0,0,2023-03-21 09:11:29+00:00
253,$NVDA seeing sustained chatter on 4chan over the last few daysVia https://t.co/OPL1OPSbnQ#nvda    #4chan  https://t.co/4HzVX9g3X8,0,0,2023-03-21 07:21:18+00:00
254,China is changing its strategy to support its semiconductor industry by providing easier access to subsidies to som  https://t.co/LT764MBC9j,1,0,2023-03-21 06:52:03+00:00
255,"$NVDA #NVDA Break of Friday's high invalidates this study I posted on Friday.

At the end of the day, I think just  https://t.co/8cN3Xi0gxv",0,0,2023-03-21 06:36:20+00:00
256,"$NVDA #NVDA The bear thesis still makes sense.

However, when you have a majority of people buying weekly expiratio  https://t.co/0tl4ZPlqI9",0,0,2023-03-21 06:35:18+00:00
257,$NVDA was the 4th most mentioned on wallstreetbets over the last 24 hoursVia https://t.co/OPL1OPSbnQ#nvda  https://t.co/sumxNotyrc,0,0,2023-03-21 05:51:30+00:00
258,"We ALWAYS see ""confirmation"". Whether it is in life or in trading. We have been getting alerts LEFT and RIGHT for t  https://t.co/0okjAS5wPy",0,0,2023-03-21 03:57:07+00:00
259,"$NVDA Monthly Chart 
 .65 retracement sits at 263.05
Golden Pocket: 255.42-263.05

#NVDA 1HR
Could be a good short/  https://t.co/opUeWiMEqU",0,0,2023-03-21 03:12:16+00:00
260,"Anytime #nvda $nvda pops up, I see a short thesis. 

And 99% are daily charts. 

Of course this stock keeps rallyin  https://t.co/d5XYCWhC7D",1,0,2023-03-21 02:49:15+00:00
261,$NVDA working its way into the top 10 most mentioned on wallstreetbets over the last 7 daysVia  https://t.co/q7xlRDW93j,0,0,2023-03-21 02:21:00+00:00
262,"$NVDA #NVDA The bear thesis still makes sense.

However, when you have a majority of people buying weekly expiratio  https://t.co/McGQmSUZGp",229,18,2023-03-21 01:23:39+00:00
263,Nvidia CEO Jensen Huang On How His Big Bet On A.I. Is Finally Paying Off... https://t.co/UMTZCVdq1C #NVDA #ES_F #QQQ  ,0,0,2023-03-21 01:21:23+00:00
264,$NVDA one of the most mentioned on wallstreetbets over the last 7 daysVia https://t.co/OPL1OPSbnQ#nvda  https://t.co/MCqnQoxQiY,0,0,2023-03-21 01:20:23+00:00
265,@AMC_Apee @unusual_whales Pelosi 1000 years for he #NVDA trade alone,4,0,2023-03-21 01:17:37+00:00
266,"$NVDA #NVDA Break of Friday's high invalidates this study I posted on Friday.

At the end of the day, I think just  https://t.co/f6rjV8hLCO",143,13,2023-03-21 01:09:43+00:00
267,Anyone find it weird now stuff like NVDA TSLA AAPL. Slowly pumps in after hours now. Most of these companies don t  https://t.co/xcNbdlTjtt,0,0,2023-03-20 23:54:28+00:00
268,$NVDA one of the most mentioned on wallstreetbets over the last 7 daysVia https://t.co/OPL1OPSbnQ#nvda  https://t.co/LlQQoOfp5R,0,0,2023-03-20 23:10:10+00:00
269,"$nvda get ready for more pain shorts. I have a $315 price target, the AD is ascending into a bear flag.. Looking fo  https://t.co/gJ6ai9Mv3u",1,0,2023-03-20 22:29:37+00:00
270,The top CEO in the world is going to dominate AI. They filed a 10 billion shelf offering and the stock just goes hi  https://t.co/RZYkuSWqas,3,1,2023-03-20 21:11:38+00:00
271,"  Teachers, Educators! Do you want to incorporate learning about resistance, feminism, collective action, non-viole  https://t.co/2LbchiQx7l",8,4,2023-03-20 21:06:03+00:00
272,"Check out my #NVDA analysis on @TradingView: https://t.co/yqtthqOnVW 
HCH complert en NVDA",1,0,2023-03-20 21:03:28+00:00
273,"Tech giant $NVDA is seeing a downside confirmation at the open, trading at $252.01. Will this be the start of a new  https://t.co/Ggid7hkM0n",1,0,2023-03-20 20:59:18+00:00
274,"Join up

https://t.co/Y9AITlMkd4

#spy #qqq #tsla #bitcoin #eth #StockMarket #OptionsTrading #finance #nfa #money  https://t.co/3HbkHbOXpk",0,0,2023-03-20 20:37:57+00:00
275,$NVDA seeing sustained chatter on wallstreetbets over the last few daysVia https://t.co/OPL1OPSbnQ#nvda  https://t.co/MaSplPgZCF,0,0,2023-03-20 19:20:03+00:00
276,@zeki893 @frankoz95967943 LOL this makes sense considering my theory was SOFTBANK was behind this nvda pump since t  https://t.co/FQrMuL1FFl,0,0,2023-03-20 19:14:14+00:00
277,$NVDA seeing an uptick in chatter on wallstreetbets over the last 24 hoursVia https://t.co/OPL1OPSbnQ#nvda  https://t.co/HfaD1B381z,1,0,2023-03-20 18:49:33+00:00
278,"Inventory build up is the biggest they have ever had. It was not 2/3 quarters ok its still on going, and yes your f  https://t.co/xGDgrEB4Zh",0,0,2023-03-20 18:34:47+00:00
279,"Also he just said this in regards to chip shortages ""1 hand chip shortage, Other hand 2/3 quarters ago supply and d  https://t.co/JPkuGWhns7",0,0,2023-03-20 18:34:06+00:00
280,"The last time Nividia had pullback I watched tv show s in black and white

#nvda #spx #spy #qqq #nasdaq",1,0,2023-03-20 18:31:12+00:00
281,"Can't remember who asked what I thought about #NVDA this week. Appears to me that after reaching $260 to $270, at m  https://t.co/RpluMUfN2Q",1,0,2023-03-20 18:08:36+00:00
282,"When the CEO said this morning ""Its taken until now to really take off""  What exactly does he mean is taking off? A  https://t.co/nrG74Wn6BQ",0,0,2023-03-20 18:03:31+00:00
283,$NVDA seeing an uptick in chatter on wallstreetbets over the last 24 hoursVia https://t.co/OPL1OPSbnQ#nvda  https://t.co/FlBn5wehao,0,0,2023-03-20 17:59:45+00:00
284,#NVDA lets go!  ,0,0,2023-03-20 17:31:23+00:00
285,Just thought of this super long term divergence. High yield debt and spy tend to move together often. Look how JNK  https://t.co/t63478Nson,1,0,2023-03-20 16:43:12+00:00
286,I been warning everyone for a long time about this. ITS HAPPENING GET THE FUCK OUT. YES this will tank everything w  https://t.co/GM8Bjv3SSu,0,0,2023-03-20 16:20:56+00:00
287,@GjStocks as an example im short NVDA and look if I had shorted anyone else all of which are weaker stock. AMD INTC  https://t.co/fRAn9TiqG0,1,0,2023-03-20 15:39:14+00:00
288,$NVDA - NVDA Overpriced Bull Put Spread has 3% Downside Cushion  #NVDA https://t.co/hOgNGNtbAL https://t.co/neEwvvxLLV,0,0,2023-03-20 15:33:03+00:00
289,"@StonkSleeper Problem is everyone is trading like you. ""nimble"" Bears need conviction. Someone has to take a stand  https://t.co/LT3gfRoyqG",1,0,2023-03-20 15:17:53+00:00
290,If you had any conviction now is your time to decide on it. Stop covering or get out. We dont want you. We need muc  https://t.co/s3eG7L8cSm,0,0,2023-03-20 15:16:11+00:00
291,Weirdly this reminds me of my days playing counter strike. 20/20 server dust 2. 20 terrorist will be pathetic and l  https://t.co/ZBy1bctvHo,1,0,2023-03-20 15:09:15+00:00
292,Seriously Bears take a look in the mirror at yourself. If you have to cover every 1% down you are part of the probl  https://t.co/NnzLChjciY,0,0,2023-03-20 15:07:33+00:00
293,Was there ever any doubt this wouldnt rally all the way back? LOL I didnt cover a share and all the bears that keep  https://t.co/TFXsey7nOF,1,0,2023-03-20 15:06:33+00:00
294,Groundhog day again. No stock is allowed to be below its pre 10am price no matter what. Fun times. I hate this.  https://t.co/cD7zj3VNm9,1,0,2023-03-20 14:03:16+00:00
295,#nvdaputs I swung #nvda over the weekend at the top $260 sold this morning at $253  ,1,0,2023-03-20 13:53:09+00:00
296,"#options
#OptionsTrading
https://t.co/wyfH3UudZs
In early morning options action, equity names among the top 10 mos  https://t.co/237lp3F1iw",2,1,2023-03-20 13:40:44+00:00
297,"20mar2023 @cnbcfastmoney  #cnbc #fastmoney ""Buy shares of $NVDA "" #nvda #nvidia #trading #options #market #stocks  https://t.co/i50rCE4bfk",2,1,2023-03-20 13:10:42+00:00
298,"Click to check my ideas: https://t.co/SulcEeUpAU
#EURUSD #BTCUSDT #BTC #nvda #NYSE #NASDAQ https://t.co/cSbQGUZ8Sh",1,0,2023-03-20 12:54:42+00:00
299,Whats up #Twitter! Let s get ready to trade! #SPY #NVDA #Options #DayTrader https://t.co/mxlRD6yPhJ,3,0,2023-03-20 11:21:37+00:00
300,Long #NVDA above $263.63 short below 254.27,1,0,2023-03-20 10:20:52+00:00
301,"#nvda $NVDA #stocks #StocksInFocus #StocksMarket 
NVIDIA Corp. (NVDA): Analysis &amp; Forecast Price Action  https://t.co/51vCIlToSW",1,0,2023-03-20 10:07:42+00:00
302,$NVDA #NVDA TIME TO SELL THE NEWS?,0,0,2023-03-20 09:32:03+00:00
303,$NVDA one of the most mentioned on wallstreetbets over the last 24 hoursVia https://t.co/OPL1OPSbnQ#nvda  https://t.co/jf6F8GXqtW,0,0,2023-03-20 07:57:59+00:00
304,"Take responsibility for your  and grasp the market trends.
#NVDA
$NIKE $GME 
https://t.co/YHxfTSWeje",2,0,2023-03-20 07:25:36+00:00
305,"#NVDA is on the rise, with potential to hit $269 and break $277 next week!   Could we be seeing a tech stock rally?  https://t.co/GrfdUJLOrj",1,0,2023-03-20 06:14:01+00:00
306,$NVDA seeing an uptick in chatter on wallstreetbets over the last 24 hoursVia https://t.co/OPL1OPSbnQ#nvda  https://t.co/MeFYwrb1xX,1,0,2023-03-20 05:17:41+00:00
307,$NVDA showed an exhaustion gap with shooting star last Friday. Its a classic bearish reversal candle. Its finally g  https://t.co/jzLPlRWtBh,0,0,2023-03-20 04:15:33+00:00
308,@ItalEarth I m going to wait a little bit longer on #NVDA puts I feel the next 3 days will be bullish,1,0,2023-03-20 03:45:02+00:00
309,$NVDA one of the most mentioned on wallstreetbets over the last 24 hoursVia https://t.co/OPL1OPSbnQ#nvda  https://t.co/iin92shSLZ,0,0,2023-03-20 03:17:27+00:00
310,"@NVIDIAGeForce @nvidia #NASDAQ #nvda #nvidia #geforce #rtx #StockMarket #sellnvda

Final warning yall

Nvda is over  https://t.co/srh8rNNTaw",0,0,2023-03-20 02:26:49+00:00
311,"$NVDA Weekly Chart: A potential supply zone.

I am looking to open $290/$300 Covered calls.
Also, Bear Call Debit S  https://t.co/DsQzd0Ex4F",6,0,2023-03-20 02:18:27+00:00
312,"#nvda :  Both targets are done, High $263.99 so far. #NVIDIA #StockMarket https://t.co/Mqh02OvHHV",1,0,2023-03-20 02:00:52+00:00
313,Algorithmic Trading Software Based on a Self-learning Algorithm: Returns up to 55.24% in 3 Months  https://t.co/ni7pPg5eBZ,0,0,2023-03-20 02:00:28+00:00
314,Algorithmic Trading Software Based on a Self-learning Algorithm: Returns up to 55.24% in 3 Months  https://t.co/g4wrzcyney,3,3,2023-03-20 02:00:28+00:00
315,Algorithmic Trading Software Based on a Self-learning Algorithm: Returns up to 55.24% in 3 Months  https://t.co/7oWgZveuCY,4,4,2023-03-20 02:00:28+00:00
316,Algorithmic Trading Software Based on a Self-learning Algorithm: Returns up to 55.24% in 3 Months  https://t.co/lIjCvbYyaz,2,1,2023-03-20 02:00:16+00:00
317,Algorithmic Trading Software Based on a Self-learning Algorithm: Returns up to 55.24% in 3 Months  https://t.co/FDEkDepGqm,3,3,2023-03-20 02:00:16+00:00
318,I am looking to swing short #NVDA using put options. Patiently sitting on my hands until their AI meeting is over o  https://t.co/p1e3P6JWvc,2,0,2023-03-20 01:25:10+00:00
319,"#NVDA 

Jensen Huang, an amazing entrepreneur, strategist, disruptor, engineer, leader. 

A lesson on long play, bi  https://t.co/GSRyJW6vww",5,0,2023-03-19 23:16:20+00:00
320,"$NVDA #NVDA
$397.5 will be this year's high for nVidia.
AI/Tech is having a pivotal moment similar to the 2000 boom  https://t.co/376P8l5k1x",1,1,2023-03-19 20:46:15+00:00
321,Good Setup #nvda https://t.co/Opoviy3R1T,0,0,2023-03-19 20:38:22+00:00
322,"Options Predictions Based on Big Data Analytics: Returns up to 20.42% in 7 Days
https://t.co/jaqQISDpZN

#arlo  https://t.co/1CFJxk6iLT",1,1,2023-03-19 20:00:47+00:00
323,"Options Predictions Based on Big Data Analytics: Returns up to 20.42% in 7 Days
https://t.co/QsO3mJflIr

#arlo  https://t.co/KgitwFfAOC",1,0,2023-03-19 20:00:47+00:00
324,"Options Predictions Based on Big Data Analytics: Returns up to 20.42% in 7 Days
https://t.co/5Hzgm5SCyx

#arlo  https://t.co/XiLTpUkd14",4,3,2023-03-19 20:00:47+00:00
325,"Options Predictions Based on Big Data Analytics: Returns up to 20.42% in 7 Days
https://t.co/Yg4NAlzpWa

#arlo  https://t.co/nZv4rlmlwP",2,1,2023-03-19 20:00:20+00:00
326,"Options Predictions Based on Big Data Analytics: Returns up to 20.42% in 7 Days
https://t.co/xW576qAeur

#arlo  https://t.co/9XReCeHkSk",4,3,2023-03-19 20:00:20+00:00
327,$NVDA seeing an uptick in chatter on wallstreetbets over the last 24 hoursVia https://t.co/OPL1OPSbnQ#nvda  https://t.co/2b3w8qbNBb,1,0,2023-03-19 19:36:26+00:00
328,$NVDA seeing an uptick in chatter on wallstreetbets over the last 24 hoursVia https://t.co/OPL1OPSbnQ#nvda  https://t.co/vOeCt89rXh,0,0,2023-03-19 18:07:10+00:00
329,"@IndieTraders @VeteranWallSt 13/ $NVDA - GP AB acting as support, even chasing the GPs up. Hit the gap fill from th  https://t.co/AELRIrGvdZ",2,0,2023-03-19 16:24:35+00:00
330,$NVDA working its way into the top 10 most mentioned on wallstreetbets over the last 7 daysVia  https://t.co/sXFylDYkrO,0,0,2023-03-19 14:56:34+00:00
331,Check out Travis Whitby's video! #TikTok https://t.co/oWNIbdqrHJ   I can t load the full video here yet so check ou  https://t.co/iic8NIFmsO,0,0,2023-03-19 11:14:51+00:00
332,#NVDA $NVDA 1/2  having a shooting star daily candle -   The shooting star candlestick pattern is identified by a s  https://t.co/p4WVP3ZRPt,3,0,2023-03-19 07:37:04+00:00
333,@DBookTrading #nvda 228 on the menu,0,0,2023-03-19 05:33:59+00:00
334,"Breaking news! $NVDA, the stock of NVIDIA Corporation, a technology sector semiconductor company, is filling the 25  https://t.co/0KYhit0Gjw",1,0,2023-03-19 04:26:03+00:00
335,"Breaking news: NVIDIA Corporation (NVDA) is trading at $257.8. As mikalche said in his post, these 245's are lookin  https://t.co/Vc0xgS1Wyf",1,0,2023-03-19 04:09:01+00:00
336,Me shorting #nvda https://t.co/IcTf5nqAMN,0,0,2023-03-19 02:39:05+00:00
337,$NVDA one of the most mentioned on wallstreetbets over the last 7 daysVia https://t.co/OPL1OPSbnQ#nvda  https://t.co/ZfHV06hMi0,0,0,2023-03-19 01:14:24+00:00
338,"Found this eerily similar setup for $NVDA.

Almost textbook rising wedge. Only difference is that we are not really  https://t.co/Cso308G0IE",2,0,2023-03-19 01:11:32+00:00
339,The terrorists - likely military paid operatives- arrived prepared &amp; PUNCHED THE POLICE HORSES IN THEIR STOMACHS!!  https://t.co/uUS84iQjww,2,1,2023-03-18 19:32:33+00:00
340,$NVDA seeing sustained chatter on 4chan over the last few daysVia https://t.co/OPL1OPSbnQ#nvda    #4chan  https://t.co/UW3B6PSVzX,0,0,2023-03-18 18:13:25+00:00
341,NVDA SHORT!! HIGH Probability Retrace to $200 - #NVDA chart on @TradingView https://t.co/eNQH3TOdiQ,2,0,2023-03-18 17:44:02+00:00
342,"NQ trade recap of 17th march! 
CRAZY DAY
Price action and volume is all you need to trade! Watch how i catch a beau  https://t.co/7jSf86FY4w",0,0,2023-03-18 16:47:34+00:00
343,@rbswingtrader #nvda mother of all trendlines! https://t.co/ExdZu7FhpR,1,0,2023-03-18 15:37:50+00:00
344,#NVDA  I really like this idea but in no hurry ..  need to be ruthless with stop management there is no such thing  https://t.co/WIgABWMdyE,1,0,2023-03-18 14:48:29+00:00
345,$NVDA was the 7th most mentioned on 4chan over the last 24 hoursVia https://t.co/OPL1OPSbnQ#nvda    #4chan  https://t.co/X34RZDtteC,0,1,2023-03-18 14:42:59+00:00
346,"Investors are discussing $NVDA, NVIDIA Corporation, which is currently trading at $256.4. Will you be investing in  https://t.co/aHoD0jdlte",0,0,2023-03-18 13:25:02+00:00
347,"#STLD (+8.3%). Average entry price = $110.80. Average closing price = $102.34.

We opened several short positions:  https://t.co/wkhgs7vogy",0,0,2023-03-18 12:46:24+00:00
348,"We closed short trades:
#AAPL (-4.1%). Average entry price = $144.20. Average closing price = $150.31.
#NVDA (-8.3%  https://t.co/BsadLKhBm9",0,0,2023-03-18 12:46:16+00:00
349,#nvda We talked about the price to target another 30% when it was around 200 based on the structure. The price has  https://t.co/oYfnjoPGNX,3,0,2023-03-18 12:40:31+00:00
350,"$NVDA #NVDA 
There is going to be so much revenge shorting on this stock that the decline is going to be epic.

End of tweet",3,0,2023-03-18 12:35:35+00:00
351,$NVDA was the 3rd most mentioned on wallstreetbets over the last 7 daysVia https://t.co/OPL1OPSbnQ#nvda  https://t.co/CVsp4h6Gut,1,0,2023-03-18 11:02:27+00:00
352,$NVDA was the 3rd most mentioned on wallstreetbets over the last 7 daysVia https://t.co/OPL1OPSbnQ#nvda  https://t.co/okqsv0WyLE,1,0,2023-03-18 09:52:21+00:00
353,$NVDA working its way into the top 10 most mentioned on wallstreetbets over the last 24 hoursVia  https://t.co/sktkk9SREv,1,0,2023-03-18 09:42:20+00:00
354,$NVDA seeing an uptick in chatter on wallstreetbets over the last 24 hoursVia https://t.co/OPL1OPSbnQ#nvda  https://t.co/92zCCdavOA,1,0,2023-03-18 07:02:01+00:00
355,$NVDA was the 3rd most mentioned on wallstreetbets over the last 24 hoursVia https://t.co/OPL1OPSbnQ#nvda  https://t.co/ebIXShLmgZ,0,0,2023-03-18 06:01:52+00:00
356,$NVDA working its way into the top 10 most mentioned on wallstreetbets over the last 24 hoursVia  https://t.co/zkzGF3kXVV,0,0,2023-03-18 02:51:30+00:00
357,"#NVDA this could be blowoff top, saw some weakness, put spread 255-235 with April monthly expiry.  Not easy to fade  https://t.co/YiQYDpSltw",1,0,2023-03-18 02:29:31+00:00
358,"6) Morgan Stanley upgrade on NVDA - means they want you to hold the bag 7) FIBS retracement, even at a .5, suggest  https://t.co/gccz1DnbV2",1,0,2023-03-18 01:57:54+00:00
359,"$NVDA #NVDA More detailed thesis, will go over this on Sunday night. 

Let your decisions be backed by data &amp; proba  https://t.co/8RgnfQjwys",223,29,2023-03-18 01:53:25+00:00
360,"Ending the day with 7R.
3R for #AMD $AMD
1R for #MSFT $MSFT
3R for #NVDA $NVDA
All of my trades I did not close at  https://t.co/aSWGjsjnLW",7,0,2023-03-18 01:18:31+00:00
361,Short #nvda,2,0,2023-03-18 01:06:44+00:00
362,$248 here we come #nvda,1,0,2023-03-17 22:35:03+00:00
363,#NVDA is on   https://t.co/HbRN0ZtfaM https://t.co/R6UaINsDAe,2,0,2023-03-17 21:50:11+00:00
364,"$NVDA #NVDA Been eyeing this for puts for like 2 weeks. 

Finally pulled the trigger on a small position (4/21 $235  https://t.co/tf6ubWiiR1",652,47,2023-03-17 20:33:56+00:00
365,"$NVDA 

It would be trader malpractice to not try a short on #nvda here   https://t.co/V4wWmqK3fd https://t.co/dk17o0anML",2,1,2023-03-17 20:18:11+00:00
366,"Don t forget nancy Pelosi bought #NVDA @  
$ 153per  share",0,0,2023-03-17 19:36:08+00:00
367,So market gonna rally more on more government free money bailing out SIVB? LOL this market is a crack head only loo  https://t.co/Z0zpg3ly0N,1,0,2023-03-17 19:25:25+00:00
368,Nice trendline dating back to october! #nvda https://t.co/NUvJwkaZly,1,0,2023-03-17 18:28:02+00:00
369,"Breaking news! User maginarydragons is seeing potential in $NVDA. Just this week, the stock rose 11.32% from $232.4  https://t.co/aYzwMyTgX9",1,0,2023-03-17 18:26:24+00:00
370,Wanna see how this plays out $NVDA #NVDA https://t.co/aV4W36JDWJ,0,0,2023-03-17 18:19:08+00:00
371,"$NVDA 
1st target 220  
2nd target 235  
3rd target 250  
 
it's up 37% from H&amp;Ss neckline  
#NVDA #Nvidia  https://t.co/8MhCHmRD56",2,1,2023-03-17 18:08:41+00:00
372,Daily Play Call: Gareth reveals his charts for #nvda #bitcoin and #gold ... https://t.co/e8bHa3ndOD via @YouTube,1,0,2023-03-17 18:08:31+00:00
373,$msft $nvda $adbe $goog are literally moving the safe havens today? So people buy #gold #bitcoin and #nvda as they  https://t.co/ye9buYDPi6,1,0,2023-03-17 18:02:48+00:00
374,"In the U.S. right now, we have a new narrative that is attempting 2 dominate any real grassroots activism. It's an  https://t.co/U0qdqpy90A",2,1,2023-03-17 17:30:46+00:00
375,"@SVB_____ lets hope they follow them soon as possible

#tsla #nvda #google #Apple #CreditSuisse #BlackRock  https://t.co/v97yZHguXA",0,0,2023-03-17 17:26:51+00:00
376,We've got a #CallOfTheDay on #NVDA.  The Investment Committee talk chip stocks. https://t.co/msObXaLZZ2,24,6,2023-03-17 17:23:43+00:00
377,Doubled my initial investment on #NVDA now I just wish I had bought more,0,0,2023-03-17 17:22:48+00:00
378,"@unusual_whales Thats how #NVDA $NVDA look at my chart, being sharing this on my page and on my telegram, bought at  https://t.co/JPZGGhZXCy",0,0,2023-03-17 17:06:05+00:00
379,"@RJRCapital lets hope

#tsla #nvda #google #Apple #CreditSuisse #BlackRock #JPMorgan #Blackstone #cryptocurrency
al  https://t.co/sHuiDljk5g",0,0,2023-03-17 16:59:40+00:00
380,#NVDA in the sell zone!!! https://t.co/R8iI4hu0mz,1,0,2023-03-17 16:31:42+00:00
381,@Benzinga Nvidia's success in the AI market is impressive! Their AI-optimized GPU technology and strategic partners  https://t.co/lRoqUo2Wb8,0,0,2023-03-17 16:27:26+00:00
382,@BearForce_Won I think #NVDA is an amazing company and have used their products for pretty much all my life. Still  https://t.co/IcUSWg1Wc7,0,0,2023-03-17 16:20:03+00:00
383,"$NVDA #NVDA Keep an eye on the candle close today. 

Solid green candles after a gap-up have generally had a decent  https://t.co/MRfAFxe4dX",243,20,2023-03-17 15:52:36+00:00
384,$NVDA #NVDA Can't make this up. https://t.co/pdwA0vnIQR,556,49,2023-03-17 15:45:55+00:00
385,"Great call on #NVDA by @AjTrader7 today. If it popped over $361, look for a 3 point move to the upside. Well it wen  https://t.co/O60JZK1eaZ",7,2,2023-03-17 15:43:39+00:00
386,$NVDA went in for a quick scalp with puts. Took small profit an hour later. #NVDA #Trading dont want to hold over t  https://t.co/4XoLVAEqXT,0,0,2023-03-17 15:40:06+00:00
387,$NVDA seeing sustained chatter on wallstreetbets over the last few daysVia https://t.co/OPL1OPSbnQ#nvda  https://t.co/Dl128jiXfD,0,0,2023-03-17 15:30:21+00:00
388,"I'm actually cracking up right now with my own jokes.

MS war zone meeting. ""Ok gang we need 4 billion liquidity by  https://t.co/uaH1bB5nDc",1,0,2023-03-17 15:07:11+00:00
389,Wise up $nvda.  The narrative exists to support exit liquidity of the offering and insider selling. #nvda,0,0,2023-03-17 15:03:45+00:00
390,$NVDA #NVDA Drew this line the day of their blowout earnings when @OGTradesTA and I were talking shop on spaces abo  https://t.co/EigR4t8FAW,0,0,2023-03-17 14:57:38+00:00
391,What kind of candle is this forming on $nvda today?  I can't tell. $qqq $nasdaq $ndx  #nvda https://t.co/c0JuqVvL1O,0,0,2023-03-17 14:55:25+00:00
392,"One and done!!! First time ever, only took one trade, held to target no partials. #NVDA short at R3 for the win! #BBTFamily #DayTrading",3,0,2023-03-17 14:39:03+00:00
393,$NVDA seeing an uptick in chatter on wallstreetbets over the last 24 hoursVia https://t.co/OPL1OPSbnQ#nvda  https://t.co/xguRW2VRHa,0,0,2023-03-17 14:29:54+00:00
394,#OptionsTrading is such an individual sport. Practicing strategy that works for your personality increases your pro  https://t.co/knaPD2RWK0,0,0,2023-03-17 14:17:25+00:00
395,"I am back in.
Hope everyone is doing fine so far since the open.

$NVDA must hold &gt; 262 and reclaim 264 to be able  https://t.co/pc5u4AnGNc",1,0,2023-03-17 14:14:54+00:00
396,"  Market action today to bring $SPX to 3980-4000, $NVDA to 269-277 by next week, and $MSFT to 281! Traders, time to  https://t.co/qDhCOMH68w",0,0,2023-03-17 14:08:00+00:00
397,Who will win? #nvda https://t.co/MmWozpGaNl,0,0,2023-03-17 13:54:01+00:00
398,Got that $NVDA 260P 3/24 weekly at $8.19 / contract. Dump eet #stocks #nvda #cnbc,0,0,2023-03-17 13:51:38+00:00
399,Morgan Stanley thanks you for your exit liquidity. #nvda #QQQ,10,1,2023-03-17 13:51:05+00:00
400,@dana_marlane Update on this #NVDA thread on the daily Happy Friday! https://t.co/yRCd1ybNTr,2,0,2023-03-17 13:50:42+00:00
401,#Nvidia $NVDA is seen as a company that is going to benefit big from artificial intelligence #AI. We bought #NVDA s  https://t.co/tVMJaQzFe7,1,0,2023-03-17 13:47:42+00:00
402,"You can be sure no fundamentalists exist in the $MSFT &amp; #NVDA investing scene lol

If you care about fair value the  https://t.co/o5wodleIMZ",1,0,2023-03-17 13:39:40+00:00
403,"#Nvidia rises after a broker upgrade.

 #MorganStanley upgraded its stance to overweight from heavyweight.    

 Th  https://t.co/cF3UI9yq7U",1,0,2023-03-17 13:36:27+00:00
404,"$NVDA #NVDA Bear case invalidated w/ the break above the March 9th high mentioned earlier this week. 

If this catc  https://t.co/m7g3guo0Yh",0,0,2023-03-17 13:30:07+00:00
405,We went short 500 shares of #NVDA at $260.30 if we get to $265 we will buying $NVDA Puts.,1,0,2023-03-17 13:27:05+00:00
406,"Just in time for market open, I released a FREE pre-market analysis of the #SPY / #SPX options market, with likely  https://t.co/bpRadipI0T",0,1,2023-03-17 13:25:36+00:00
407,"We're still sell-rated on $WDC. Despite the cheap valuation, we recommend investors remain on the sidelines as we s  https://t.co/TH2q0bNXL7",0,0,2023-03-17 13:15:34+00:00
408,"$NVDA   Subscribe now: https://t.co/bPB4JlRYZs
#NVDA #InvexGlobal #OptionsTrading #Options #NASDAQ #NYSE #trading  https://t.co/sQYSUu477u",0,0,2023-03-17 13:14:58+00:00
409,"When you buy this ETF, you buy ; #apple #microsoft #google #amazon #berkshirehathaway #nvda #exxon #tesla  https://t.co/jlGkbnT8wW",0,0,2023-03-17 13:05:09+00:00
410,It's 8:10 AM and the tech sector is buzzing with news of NVIDIA Corporation (NVDA) trading at $259.38. Teutoburg1 i  https://t.co/iHo59zjEGO,0,3,2023-03-17 12:10:43+00:00
411,"When The People Take The Power  
#NVDA #civildisobedience https://t.co/8NymvoWfKO",1,1,2023-03-17 10:27:39+00:00
412,$NVDA was the 3rd most mentioned on wallstreetbets over the last 24 hoursVia https://t.co/OPL1OPSbnQ#nvda  https://t.co/0ID2QFwLrh,1,0,2023-03-17 10:09:11+00:00
413,"#NVDA what a crazy run. 

The company has a Mcap of $630bn, trades on a P/E of close to 150 (!!!) and forward p/e o  https://t.co/nzshAX3ORg",1,0,2023-03-17 09:41:48+00:00
414,$NVDA seeing sustained chatter on 4chan over the last few daysVia https://t.co/OPL1OPSbnQ#nvda    #4chan  https://t.co/8RaVUKY1P0,0,0,2023-03-17 09:39:10+00:00
415,$NVDA one of the most mentioned on wallstreetbets over the last 24 hoursVia https://t.co/OPL1OPSbnQ#nvda  https://t.co/iuR8MxwoIo,0,0,2023-03-17 08:08:48+00:00
416,$NVDA working its way into the top 10 most mentioned on wallstreetbets over the last 7 daysVia  https://t.co/ybOC4YFp9e,0,0,2023-03-17 07:38:50+00:00
417,$NVDA was the 9th most mentioned on 4chan over the last 24 hoursVia https://t.co/OPL1OPSbnQ#nvda    #4chan  https://t.co/xVofKEEapA,0,0,2023-03-17 07:08:43+00:00
418,"NVIDIA stock is turning out to be the best bet after ChatGPT went viral.

#NVDA is now above $250. The next resista  https://t.co/AemsHCpGDe",0,0,2023-03-17 05:48:15+00:00
419,$NVDA seeing sustained chatter on wallstreetbets over the last few daysVia https://t.co/OPL1OPSbnQ#nvda  https://t.co/ErIjmRDxC9,0,0,2023-03-17 05:09:30+00:00
420,"#NVDA $250 todays target hit and on its way to my swing target $260!

#GOOGL $100 target hit and on its way to $110  https://t.co/Oi4zxU0zGi",32,5,2023-03-17 05:07:14+00:00
421,#nvda $250 todays target hit and on its way to my swing target $260! #google $100 target hit and on its way to $110  https://t.co/sUvD45IewR,4,0,2023-03-17 04:59:11+00:00
422,#nvda $250 todays target hit and on its way to my swing target $260! #google $100 target hit and on its way to $110  https://t.co/yQmhjckAFQ,5,0,2023-03-17 04:49:41+00:00
423,"Thank you God   Your light shines before us! $35k day  
#meta #nvda #nflx #mstr #spx https://t.co/pg2GFEtP1j",86,2,2023-03-17 04:41:55+00:00
424,$NVDA was the 10th most mentioned on 4chan over the last 24 hoursVia https://t.co/OPL1OPSbnQ#nvda    #4chan  https://t.co/B2kLCk5wYK,0,0,2023-03-17 03:28:28+00:00
425,$NVDA one of the most mentioned on 4chan over the last 24 hoursVia https://t.co/OPL1OPSbnQ#nvda    #4chan  https://t.co/UJc5biOFqK,0,0,2023-03-17 02:28:23+00:00
426,NVIDIA perfect setup - #NVDA chart on @TradingView https://t.co/bDYXXKo00s,0,0,2023-03-17 02:17:01+00:00
427,$NVDA ($255.41) has 1st support at $222.97 and the 1st resistance at $244.54. It is estimated that #NVDA will be tr  https://t.co/5LaBUqcmaU,0,0,2023-03-17 01:55:54+00:00
428,"$NVDA #NVDA Absolute blast off the volume shelf today w/ a huge impulse candle to almost fill the gap.

$258.20 is  https://t.co/ySYQqhN75r",98,11,2023-03-17 01:42:00+00:00
429,"Wow, is Nvidia really going up to the 1.5 standard deviation on its regression channel? One of the biggest bull tra  https://t.co/k4ukhhOM8e",7,0,2023-03-17 01:35:00+00:00
430,"Semiconductors industry   today. Top 5 gainers from the industry that have trended in the past 24 hours: 

$AMD 7.7  https://t.co/DTFRiD66BH",0,0,2023-03-17 01:20:41+00:00
431,$NVDA seeing sustained chatter on 4chan over the last few daysVia https://t.co/OPL1OPSbnQ#nvda    #4chan  https://t.co/TVTW1mk6hY,0,0,2023-03-17 01:08:02+00:00
432,"$AMD waited for a break and retest of the high from Feb 2. #NVDA #SOXL #Stocks

@RoyalTradingA 

#MarketStructure  https://t.co/XCOB7sWDfY",6,2,2023-03-17 00:59:36+00:00
433,"So, what is the point of this thread? Clearly I did not decide shorting #nvda solely based on cramer saying it is t  https://t.co/HIBmKsABcB",0,0,2023-03-17 00:08:45+00:00
434,$NVDA seeing an uptick in chatter on 4chan over the last 24 hoursVia https://t.co/OPL1OPSbnQ#nvda    #4chan  https://t.co/48eMwqXPyd,0,0,2023-03-16 23:37:57+00:00
435,(1) Daily Play Call: Gareth reveals his charts for #nvda #bitcoin and #gold   What next?! - YouTube https://t.co/61tjoKNvg6,0,0,2023-03-16 23:37:54+00:00
436,"Here is the list of trades from today 3/16/23.
Not much gains but consistencies count
Discipline is the key
Patienc  https://t.co/xQMNSrIuBO",4,0,2023-03-16 23:28:47+00:00
437,$NVDA one of the most mentioned on wallstreetbets over the last 7 daysVia https://t.co/OPL1OPSbnQ#nvda  https://t.co/p0ABDlvpWW,0,0,2023-03-16 22:28:12+00:00
438,"TW0E Long term portfolio 

$META &amp; $NVDA  

Look at the % gain 

$CRWD  is short term swing. Bull put credit  https://t.co/z8dssc5q9C",7,0,2023-03-16 22:16:09+00:00
439,Yep.  Today solidifies 25bps next week and opens the door back up to 50bps.  Pivotstanis are going to have to wait  https://t.co/cCd3OySoP5,0,0,2023-03-16 22:13:53+00:00
440,"My #bullish trade idea #NVDA $NVDA from earlier today 

https://t.co/hJpM6QStcH",19,1,2023-03-16 22:09:03+00:00
441,#AAPL will drop on consumer weakness. #NVDA benefits from secular drivers but likely overbought here #MSFT has good  https://t.co/Cx6SR8vwH1,1,0,2023-03-16 21:55:36+00:00
442,"$NVDA #NVDA Nvidia Raised to Overweight at Morgan Stanley on AI  Megatrend  (Bloomberg)

- PT to $304 from $255 https://t.co/cqjWeJMHbd",85,21,2023-03-16 21:35:22+00:00
443,"If the market can price #nvda at 145 times earnings
Then what's stopping them price #TSLA higher
NVDA 145x vs tsla  https://t.co/wbAlBeoU4n",1,0,2023-03-16 21:35:15+00:00
444,"$NVDA who made Nvidia mad? Wow, still blasting off after hours. #NVDA #semiconductor",0,0,2023-03-16 21:32:07+00:00
445,@stocktalkweekly Bullish for the Tech. #NVDA,0,0,2023-03-16 21:22:40+00:00
446,Momentum vs Business Valuation - #NVDA chart on @TradingView https://t.co/emyacw65xS,0,0,2023-03-16 20:52:37+00:00
447,"$AMD nice recent AI pick here a week ago, 18% gain so far  

Pro trader performance made dead easy with AI   https://t.co/Swmx6JgEHr",1,0,2023-03-16 20:43:32+00:00
448,Daily Play Call: Gareth reveals his charts for #nvda #bitcoin and #gold ... https://t.co/rnAAFSLmrL via @YouTube,0,1,2023-03-16 20:26:03+00:00
449,"$NVDA NVIDIA stock, solid breakout, from Stocks To Watch , see https://t.co/TfMNd8zDNZ #NVDA https://t.co/rmVyrreoYc",1,0,2023-03-16 20:16:02+00:00
450,"#NVDA coming into a BIG resistance zone here at 255/59...

Key support now at the March low-day close at 229

Topsi  https://t.co/YlnzMWU00Z",23,1,2023-03-16 20:05:58+00:00
451,"Stock Predictions Based on Deep Learning: Returns up to 9.22% in 7 Days
https://t.co/1qgs2VOF24

#amd #nvda #lscc  https://t.co/uusFukItT4",0,0,2023-03-16 20:01:19+00:00
452,"Stock Predictions Based on Deep Learning: Returns up to 9.22% in 7 Days
https://t.co/hTSiEZTzxy

#amd #nvda #lscc  https://t.co/NGjD1Iop2p",3,2,2023-03-16 20:01:19+00:00
453,"Stock Predictions Based on Deep Learning: Returns up to 9.22% in 7 Days
https://t.co/f8QTQcfpzg

#amd #nvda #lscc  https://t.co/SgYalkDmU3",1,1,2023-03-16 20:01:19+00:00
454,"Stock Predictions Based on Deep Learning: Returns up to 9.22% in 7 Days
https://t.co/Ehay7ftF2e

#amd #nvda #lscc  https://t.co/nTjtHXBBSe",3,4,2023-03-16 20:00:23+00:00
455,"Stock Predictions Based on Deep Learning: Returns up to 9.22% in 7 Days
https://t.co/eAxyQjVzj5

#amd #nvda #lscc  https://t.co/MoopSnfiVs",0,0,2023-03-16 20:00:23+00:00
456,"Daily Winners and Losers 03-16-2023  
#Daytrading
#stocks
#ADBE
#AMD
#ANET
#AVB
#BXP
#CMA
#DG
#DISH
#ESS
#FRC
#INTC  https://t.co/C3eXOYfmHV",0,0,2023-03-16 20:00:12+00:00
457,"#NVDA nice too 

The MTF rsihisto is a beauty with the stocks in the afternoon https://t.co/8Apw9wa3r2",2,0,2023-03-16 19:53:41+00:00
458,$NVDA was the 13th most mentioned on 4chan over the last 24 hoursVia https://t.co/OPL1OPSbnQ#nvda    #4chan  https://t.co/ZS0Q9rExdg,1,0,2023-03-16 19:37:22+00:00
459,$NVDA at $270 and I am going all in short with 50% of my portfolio and walking away after it pulls back to $200 and  https://t.co/QuwH8DhYK3,10,0,2023-03-16 19:32:46+00:00
460,"Real values of chip stocks right now.

(Intrinsic value data were created by averaging the valuations calculated us  https://t.co/rax2PuuzUt",1,0,2023-03-16 19:20:56+00:00
461,"Smoked the big #SPY move this morning   Biggest trading day yet for me   FOLLOW FOR THE JOURNEY 

#SPX #TSLA  https://t.co/2nBbj817c6",0,0,2023-03-16 19:04:44+00:00
462,"We need more #banks which #collapse .... then #stocks (#bigtech) will reach new all time highs....
#apple  https://t.co/9bzcqRSC05",0,0,2023-03-16 19:02:44+00:00
463,@itscharliemar never mess with the strong stocks. take the weak suckers. also thinking about taking a loss on my #nvda shorts,0,0,2023-03-16 18:55:38+00:00
464,$NVDA was the 4th most mentioned on wallstreetbets over the last 7 daysVia https://t.co/OPL1OPSbnQ#nvda  https://t.co/IULZhNbTXq,0,0,2023-03-16 18:49:05+00:00
465,I dont see any other spots on NVDA chart where the RSI lowered on the daily for days and stock price went up drasti  https://t.co/cuBl8f5pxY,0,0,2023-03-16 18:46:39+00:00
466,$NVDA - How this NVDA Bull Put Spread Could Make 52% in 6 Days  #NVDA https://t.co/XaUFL0t90q https://t.co/E9QLJxXWoh,0,0,2023-03-16 18:46:05+00:00
467,"Shook off yesterday's chop fest and over trading with this #NVDA entry as it held 240 level. 

Daily was primed for  https://t.co/YTmJxQzVNY",5,0,2023-03-16 18:24:35+00:00
468,"#TradeSold
Announced it on today's morning call. Over $36k profit on NVDA. Double hit.

Don't wanna ever miss these  https://t.co/p3vX1Zbjuk",33,3,2023-03-16 18:21:01+00:00
469,"#NVDA beautiful charts. Dily Monthly llok to put in a up trend, I been waiting I do not have any exposure, and all  https://t.co/DWZHoeRZKh",0,0,2023-03-16 18:09:10+00:00
470,@Reformed_Trader #nvda is breaking out of the channel to the upside,3,0,2023-03-16 17:45:19+00:00
471,#nvda - that mf is killing me,0,0,2023-03-16 17:43:19+00:00
472,$NVDA seeing an uptick in chatter on wallstreetbets over the last 24 hoursVia https://t.co/OPL1OPSbnQ#nvda  https://t.co/BK2OAAbxrr,0,0,2023-03-16 17:37:17+00:00
473,"100% of trades went into profit today, hope you guys took some of these trades #msft #spy #tsla #amd #nvda #coin  https://t.co/8WO4Jf2lvU",1,0,2023-03-16 17:16:00+00:00
474,"#NVDA $NVDA daily + 15m

Price is in a BPR. Seems to have stalled out now intraday vs indices. 

will take it short  https://t.co/uTYxp16b5N",9,0,2023-03-16 17:14:44+00:00
475,Has to be 1 of the only times in history. 10 year yield up 3% and QQQ up over 2%. YIKES did the fed break everythin  https://t.co/JLXViUgIL3,0,0,2023-03-16 16:52:01+00:00
476,The best and second best AI plays of the century. #nvda #msft https://t.co/sG7sUww6X4,0,0,2023-03-16 16:51:06+00:00
477,And yes I called this right here and said 10 year yield would be green today. And instead of make money off this. I  https://t.co/6vzRma9824,0,0,2023-03-16 16:50:06+00:00
478,Everytime I refresh #nvda is 10billion USD more. At this rate by end of week nvda will be the most important company in the world.,0,0,2023-03-16 16:50:00+00:00
479,https://t.co/XKLHQWTtnp Update on #NVDA $NVDA broke the resistance! candle has finish above the resistance! https://t.co/E3HCdyekmg,1,0,2023-03-16 16:18:40+00:00
480,"#NVDA, a tech stock in the semiconductors industry, has made new highs above 3/9 peak, opening at $250.99, a 4.36%  https://t.co/yRdZ1X0x1j",0,0,2023-03-16 16:13:12+00:00
481,Before you guys think I am a genius for calling this I also thought it for sure would tank tech specifically NVDA.  https://t.co/0kjZCBCmfU,1,0,2023-03-16 16:09:27+00:00
482,"$NVDA   Subscribe now: https://t.co/bPB4JlRYZs
#NVDA #InvexGlobal #OptionsTrading #Options #NASDAQ #NYSE #trading  https://t.co/KLsY4Bb5ns",0,0,2023-03-16 15:58:17+00:00
483,$NVDA - Why Selling This Iron Condor in NVDA Makes Sense for a $5.68 Credit  #NVDA https://t.co/vwHUfIVNmR https://t.co/t7a12IhDlN,0,0,2023-03-16 15:55:02+00:00
484,Apparently your local FURU was right when he said NVDA was going to 250. We got 2 of biggest bank failures in histo  https://t.co/wbeYM1tGPz,1,0,2023-03-16 15:46:05+00:00
485,We shorted another 1000 shares of #NVDA at $249.62 This is a swing trade. We will hold overnight. (*not a day trade),0,0,2023-03-16 15:43:50+00:00
486,"$NVDA #NVDA Bear case invalidated w/ the break above the March 9th high mentioned earlier this week. 

If this catc  https://t.co/GGIynw0yod",67,7,2023-03-16 15:43:33+00:00
487,Check out my #NVDA analysis on @TradingView: https://t.co/PrwSY3uVPO,0,0,2023-03-16 15:35:54+00:00
488,Check out my #NVDA analysis on @TradingView: https://t.co/30RYjdSXPr,0,0,2023-03-16 15:35:36+00:00
489,"$NVDA #NVDA 

this is a nice development here... above that VPOC take out https://t.co/u7Lk27vAxJ",12,1,2023-03-16 15:11:33+00:00
490,I dont really understand bulls posting charts or anything when literally buy every single dip has been working for  https://t.co/cS9PrwSx7z,1,0,2023-03-16 15:08:25+00:00
491,"UNUSUAL PAPER #OptionsFlow
$NVDA
$227.50 CALL
EXPIRES = 03/17/2023
SIZE = 200
OI = 2,619
COST = $278,000
STOCK PRIC  https://t.co/puG58pFraa",0,0,2023-03-16 15:01:02+00:00
492,CALLED IT. yet i thought this would make tech sell off. LOL nothing will make tech sell off. #NVDA #TSLA #AMD #qqq  https://t.co/CwCVgsdLDF,0,0,2023-03-16 14:56:11+00:00
493,"Bull market back on baby. Let me update this now. Where we are going we don't need earnings, profits, employees, gr  https://t.co/CuWaihducy",1,0,2023-03-16 14:55:00+00:00
494,"We re touching ourselves tonight. 

#NVDA $NVDA ##NVIDIA https://t.co/oeB89LPWu3",0,0,2023-03-16 14:27:08+00:00
495,$NVDA Nvidia to outline generative AI opportunities at conference - Wedbush https://t.co/PyIZtdGui9 #NVDA,0,1,2023-03-16 14:07:33+00:00
496,"#NVDA:

NVDA now 243. My team knew not to short strength chips are showing.
Macro matters. Do not try short strength.",0,0,2023-03-16 14:04:25+00:00
497,"Bathroom update. 

Sold our Adobe lottos for a small profit. 
Still holding NVDA. 

#NVDA #Tech #Calls #Options https://t.co/fJcbeTmY3N",0,0,2023-03-16 14:02:15+00:00
498,"#options
#OptionsTrading
https://t.co/wyfH3UuLP0
In early morning options action, equity names among the top 10 mos  https://t.co/yFCqkFd5ob",1,1,2023-03-16 13:39:34+00:00
499,$NVDA Nvidia to outline generative AI opportunities at conference - Wedbush https://t.co/IsCzeAlEca #NVDA,0,0,2023-03-16 13:38:03+00:00
500,"Stocks Picks of the Day 
#NVDA -long 
#LPSN -short 
#BIDU -short 
#ADBE -long 
Watching #FRC #viral #tiktok #fyu  https://t.co/gWfcD4yNSf",1,0,2023-03-16 13:00:38+00:00
501,"Bank failure a day keeps the Powell rate hikes away.
 
#powell #sivb #frc #cs #stockmarketcrash #trading  https://t.co/8PoXHXUCMK",2,0,2023-03-16 12:45:00+00:00
502,"@VolumeLeaders #NVDA is an ESG favorite.

Paging the @snb_bns, was this you?",0,0,2023-03-16 12:02:07+00:00
503,$NVDA one of the most mentioned on wallstreetbets over the last 7 daysVia https://t.co/OPL1OPSbnQ#nvda  https://t.co/fRE7y3cBQW,0,0,2023-03-16 10:25:53+00:00
504,Algorithmic Trading Software Based on Artificial Intelligence: Returns up to 33.15% in 3 Months  https://t.co/OuzczvoNas,0,0,2023-03-16 02:00:38+00:00
505,Algorithmic Trading Software Based on Artificial Intelligence: Returns up to 33.15% in 3 Months  https://t.co/yWuyp7klm5,2,2,2023-03-16 02:00:38+00:00
506,Algorithmic Trading Software Based on Artificial Intelligence: Returns up to 33.15% in 3 Months  https://t.co/pUYD82qvTL,3,3,2023-03-16 02:00:38+00:00
507,Algorithmic Trading Software Based on Artificial Intelligence: Returns up to 33.15% in 3 Months  https://t.co/muu03bTD2v,1,1,2023-03-16 02:00:19+00:00
508,Algorithmic Trading Software Based on Artificial Intelligence: Returns up to 33.15% in 3 Months  https://t.co/R5lgtC9gku,3,3,2023-03-16 02:00:19+00:00
509,"#BlindTwitter, apparently those of us using #Screenreaders should not upgrade to #Windows11. Not compatible with  https://t.co/MjBn4wlkEQ",0,0,2023-03-16 01:50:20+00:00
510,"Cramer tonight ""The risk at last is too the upside"" 

Ok its on bears full on limit down tomorrow or maybe friday.  https://t.co/67n0KhIOKD",2,0,2023-03-16 01:02:33+00:00
511,How come everyone keeps saying the chip glut is past the semi conductors? Jim cramer just said it tonight again. Lo  https://t.co/RVx7SsYbN9,1,0,2023-03-16 00:55:39+00:00
512,@JoJoWildBlonde They won t apologise. #NVDA is the only kind of action that will make them listen.,1,1,2023-03-16 00:21:40+00:00
513,"UNUSUAL PAPER #OptionsFlow
$NVDA
$230.00 PUT
EXPIRES = 09/15/2023
SIZE = 619
OI = 866
COST = $1,785,877
STOCK PRICE  https://t.co/WnEU0Zm5FT",0,0,2023-03-16 00:01:01+00:00
514,"I wish Chat GPT would have written this, atleast it would have had a shot to be honest. What a joke. A flight to sa  https://t.co/Bl1nBn7xxr",0,0,2023-03-15 23:22:16+00:00
515,"March 15, 2023 Closed Options Trades. #OptionsTrading #SPX #NVDA #AAPL https://t.co/0i56GwsUcv",0,0,2023-03-15 23:16:27+00:00
516,"#meta flying afterhours!!!!
#nvda was perfect! $242.50 target from last week with puts after to $235 then back to $  https://t.co/JDSfgtrbqc",13,1,2023-03-15 22:41:20+00:00
517,"Jim Cramer says buy Nvda today at 242.45

I am buying puts tomorrow

$NVDA 
#SPX #QQQ #NVDA",2,0,2023-03-15 22:23:09+00:00
518,"Could some kind person fill me in on the #NVDA presentation happening this afternoon? I have to attend another one,  https://t.co/amyK9S8kOd",0,0,2023-03-15 22:12:13+00:00
519,"$NVDA #NVDA Bear vs. bull case. 

Bear: S/R flip of the ascending wedge

Bull: Price moving up off the volume shelf  https://t.co/GUUuRRmzcI",142,21,2023-03-15 21:18:37+00:00
